UNID,NoteID,ParentUNID,Created,Modified,LastUpdatedBy,Attachments,SESFlagNumber,Status,ExecutiveName,ExecutiveTitle,ExecutiveTier,Organization,FlagType,Quantity,DODAAC,UIC,ShipToAddress,Justification,EnteredDate,EnteredBy,ApprovalDate,ApprovedBy,ReturnReason,VendorKey,ReleasedDate,DocReaders,DocAuthors,StatusInquiryKey
B226686B9B417599AEA0EE0ED1D7C706,3C42,,01/07/2015 14:12:00,02/02/2015 14:12:00,CN=Ret Hamlin/OU=CHPSID/O=TACOM,SF50_0001.pdf,SES-2015-0001,Complete,Frances Coldwater,Principal Deputy,Tier 2,Army Materiel Command G-3/4,SES Desk Flag Set,1,WWY02J,WQT35A,"3rd Armored Brigade Combat Team, 1st Armored Division, Bldg 4171, Fort Bliss, TX",Replacement - unserviceable,01/07/2015,CN=Jessica Quarterman/OU=Units/O=Army,01/13/2015 14:12:00,CN=Lorraine Whitcombe/OU=CHPSID/O=TACOM,,7GRN1,01/23/2015 14:12:00,[TACOM];[Admin];[ReadOnlyAudit];LocalDomainServers;[SESApprover];CN=Jessica Quarterman/OU=Units/O=Army,[TACOM];[SESApprover],SES-2015-0001|WWY02J|WQT35A
88E244681AB59B1A1477A5A5C3CC2638,3C46,,11/21/2025 17:58:33,11/21/2025 17:58:33,CN=Theodore Blankenship/OU=TroopSupport/O=DLA,,SES-2025-0002,Submitted,Ernesto Jaramillo,"Director, Integrated Logistics Support Center",Tier 1,Office of the Chief Information Officer/G-6,SES Positional Color (Indoor),2,WM0U6T,W46N00,"101st Airborne Division Sustainment Brigade, Bldg 1650, Fort Campbell, KY",Ceremony,11/21/2025,CN=Eugene Jaramillo/OU=Units/O=Army,,,,,,[TACOM];[Admin];[ReadOnlyAudit];LocalDomainServers;[SESApprover];CN=Eugene Jaramillo/OU=Units/O=Army,[TACOM];[SESApprover],SES-2025-0002|WM0U6T|W46N00
916A8879A4E9A5C43841F1CFEB10F00C,3C4A,,02/19/2016 12:38:54,03/08/2016 12:38:54,CN=Dwayne Petrakis/OU=CHPSID/O=TACOM,,SES-2016-0003,Complete,Joshua Yeardley,Principal Deputy,Tier 3,Army Sustainment Command,SES Desk Flag Set,2,WUB92Z,WJ25M0,"U.S. Army Forces Command, Bldg 4027, Fort Bragg, NC",Change of duty station,02/19/2016,CN=Thomas Gastrelle/OU=Units/O=Army,02/28/2016 12:38:54,CN=Lorraine Whitcombe/OU=CHPSID/O=TACOM,,9CST0,03/02/2016 12:38:54,[TACOM];[Admin];[ReadOnlyAudit];LocalDomainServers;[SESApprover];CN=Thomas Gastrelle/OU=Units/O=Army,[TACOM];[SESApprover],SES-2016-0003|WUB92Z|WJ25M0
DD6BA8A42070DB3AD10A9A59F6451FCA,3C4E,,04/24/2006 08:46:26,06/16/2006 08:46:26,CN=Ret Hamlin/OU=CHPSID/O=TACOM,,SES-2006-0004,Complete,Sandra Villanueva-Cox,"Director, Integrated Logistics Support Center",Tier 1,Program Executive Office Ground Combat Systems,SES Positional Color (Indoor),1,WB8QWH,W3TWRA,"81st Readiness Division (Army Reserve), Bldg 7071, Fort Jackson, SC",Ceremony,04/24/2006,CN=Thomas Ledesma-Ortiz/OU=Units/O=Army,05/04/2006 08:46:26,CN=Lorraine Whitcombe/OU=CHPSID/O=TACOM,,1CLR7,05/07/2006 08:46:26,[TACOM];[Admin];[ReadOnlyAudit];LocalDomainServers;[SESApprover];CN=Thomas Ledesma-Ortiz/OU=Units/O=Army,[TACOM];[SESApprover],SES-2006-0004|WB8QWH|W3TWRA
F4E3296C6B77CF4D92FE6B345E4CC570,3C52,,12/11/2018 09:15:59,12/22/2018 09:15:59,CN=Theodore Blankenship/OU=TroopSupport/O=DLA,SF50_0005.pdf,SES-2018-0005,Complete,Patricia Whitlock-Bay,Principal Deputy,Tier 2,Program Executive Office Soldier,SES Positional Color (Indoor),1,W5KNYG,W08YQ0,"1st Armored Brigade Combat Team, 1st Infantry Division, Bldg 252, Fort Riley, KS",Tier promotion,12/11/2018,CN=Timothy Marrowbridge/OU=Units/O=Army,12/16/2018 09:15:59,CN=Lorraine Whitcombe/OU=CHPSID/O=TACOM,,9CST0,12/21/2018 09:15:59,[TACOM];[Admin];[ReadOnlyAudit];LocalDomainServers;[SESApprover];CN=Timothy Marrowbridge/OU=Units/O=Army,[TACOM];[SESApprover],SES-2018-0005|W5KNYG|W08YQ0
F81A66B6D8AA644B7D4AF0FF824D5FCB,3C56,,03/07/2018 08:47:45,04/06/2018 08:47:45,CN=Lorraine Whitcombe/OU=CHPSID/O=TACOM,,SES-2018-0006,Complete,Joshua Bramwold,Principal Deputy,Tier 3,Office of the Chief Information Officer/G-6,SES Positional Color (Indoor),1,WAHNPF,WS4NNA,"82nd Airborne Division Sustainment Brigade, Bldg 210, Fort Bragg, NC",Change of duty station,03/07/2018,CN=Earl Hargreave/OU=Units/O=Army,03/25/2018 08:47:45,CN=Lorraine Whitcombe/OU=CHPSID/O=TACOM,,1CLR7,03/26/2018 08:47:45,[TACOM];[Admin];[ReadOnlyAudit];LocalDomainServers;[SESApprover];CN=Earl Hargreave/OU=Units/O=Army,[TACOM];[SESApprover],SES-2018-0006|WAHNPF|WS4NNA
F45D703B2F61A9D96D9BACE507439639,3C5A,,12/15/2025 12:23:06,01/04/2026 12:23:06,CN=Theodore Blankenship/OU=TroopSupport/O=DLA,SF50_0007.pdf,SES-2025-0007,Approved,Richard Reyes-Almonte,Deputy Program Executive Officer,Tier 3,Office of the Chief Information Officer/G-6,SES Positional Color (Outdoor),1,WVE4QZ,WCE510,"I Corps Headquarters and Headquarters Battalion, Bldg 6449, Joint Base Lewis-McChord, WA",Tier promotion,12/15/2025,CN=Jamal Galbreath/OU=Units/O=Army,01/04/2026 12:23:06,CN=Lorraine Whitcombe/OU=CHPSID/O=TACOM,,,,[TACOM];[Admin];[ReadOnlyAudit];LocalDomainServers;[SESApprover];CN=Jamal Galbreath/OU=Units/O=Army,[TACOM];[SESApprover],SES-2025-0007|WVE4QZ|WCE510
1BFBE0081451461E872F687E62FB6C81,3C5E,,11/21/2011 17:47:21,12/28/2011 17:47:21,CN=Lorraine Whitcombe/OU=CHPSID/O=TACOM,SF50_0008.pdf,SES-2011-0008,Shipped,Brandon Tarquinio,Deputy to the Commanding General,Tier 3,Army Sustainment Command,SES Positional Color (Indoor),1,WH9EE8,WRD9YA,"1st Armored Division Headquarters and Headquarters Battalion, Bldg 2116, Fort Bliss, TX",Change of duty station,11/21/2011,CN=Susan Dellacroix/OU=Units/O=Army,12/01/2011 17:47:21,CN=Lorraine Whitcombe/OU=CHPSID/O=TACOM,,7GRN1,12/10/2011 17:47:21,[TACOM];[Admin];[ReadOnlyAudit];LocalDomainServers;[SESApprover];CN=Susan Dellacroix/OU=Units/O=Army,[TACOM];[SESApprover],SES-2011-0008|WH9EE8|WRD9YA
F238D9C293721FD8C18DF54EAF84975F,3C62,,11/09/2021 10:57:12,01/01/2022 10:57:12,CN=Theodore Blankenship/OU=TroopSupport/O=DLA,SF50_0009.pdf,SES-2021-0009,Complete,Jeffrey Ostrowski-Lane,"Director, Integrated Logistics Support Center",Tier 3,Army Materiel Command G-3/4,SES Positional Color (Indoor),1,W02D75,WZQ3WA,"29th Infantry Division (Virginia Army National Guard), Bldg 6316, Fort Belvoir, VA",Replacement - unserviceable,11/09/2021,CN=Melissa Saldivar/OU=Units/O=Army,11/25/2021 10:57:12,CN=Lorraine Whitcombe/OU=CHPSID/O=TACOM,,7GRN1,12/04/2021 10:57:12,[TACOM];[Admin];[ReadOnlyAudit];LocalDomainServers;[SESApprover];CN=Melissa Saldivar/OU=Units/O=Army,[TACOM];[SESApprover],SES-2021-0009|W02D75|WZQ3WA
50972821F139CB9D9DFBF33552A7573A,3C66,,01/15/2026 09:40:20,02/09/2026 09:40:20,CN=Lorraine Whitcombe/OU=CHPSID/O=TACOM,SF50_0010.pdf,SES-2026-0010,Released to Vendor,Donald Hinojosa-Mata,Deputy to the Commanding General,Tier 3,TACOM ILSC,SES Positional Color (Indoor),1,WC16QN,W0WFNA,"Military District of Washington, Bldg 1513, Fort McNair, DC",Change of duty station,01/15/2026,CN=Melissa Trevino-Hale/OU=Units/O=Army,02/03/2026 09:40:20,CN=Lorraine Whitcombe/OU=CHPSID/O=TACOM,,7GRN1,02/09/2026 09:40:20,[TACOM];[Admin];[ReadOnlyAudit];LocalDomainServers;[SESApprover];CN=Melissa Trevino-Hale/OU=Units/O=Army,[TACOM];[SESApprover],SES-2026-0010|WC16QN|W0WFNA
D7238CF7DE92BC246745A2317A2C37FA,3C6A,,12/16/2019 13:58:00,02/04/2020 13:58:00,CN=Dwayne Petrakis/OU=CHPSID/O=TACOM,SF50_0011.pdf,SES-2019-0011,Complete,Darnell Underhill-Voss,Chief of Staff,Tier 1,Program Executive Office Ground Combat Systems,SES Desk Flag Set,1,WYEX1M,WN6YE0,"3rd Combat Aviation Brigade, Bldg 3426, Hunter Army Airfield, GA",Change of duty station,12/16/2019,CN=Matthew Galbreath/OU=Units/O=Army,12/30/2019 13:58:00,CN=Lorraine Whitcombe/OU=CHPSID/O=TACOM,,7GRN1,12/31/2019 13:58:00,[TACOM];[Admin];[ReadOnlyAudit];LocalDomainServers;[SESApprover];CN=Matthew Galbreath/OU=Units/O=Army,[TACOM];[SESApprover],SES-2019-0011|WYEX1M|WN6YE0
D7DABD4772B97391183EE698D561AF34,3C6E,,06/23/2026 14:56:34,06/23/2026 14:56:34,CN=Theodore Blankenship/OU=TroopSupport/O=DLA,,SES-2026-0012,Submitted,Mildred Vandermolen,Chief of Staff,Tier 2,Program Executive Office Ground Combat Systems,SES Positional Color (Indoor),1,WTM604,W85WKA,"U.S. Army Training and Doctrine Command, Bldg 8505, Fort Eustis, VA",Change of duty station,06/23/2026,CN=Amanda Fairweather/OU=Units/O=Army,,,,,,[TACOM];[Admin];[ReadOnlyAudit];LocalDomainServers;[SESApprover];CN=Amanda Fairweather/OU=Units/O=Army,[TACOM];[SESApprover],SES-2026-0012|WTM604|W85WKA
611807362A531EB0B5D76900913FE1FE,3C72,,11/12/2007 10:09:29,12/13/2007 10:09:29,CN=Ret Hamlin/OU=CHPSID/O=TACOM,,SES-2007-0013,Complete,Donna Drakeford,Deputy to the Commanding General,Tier 1,Army Materiel Command G-3/4,SES Automobile Flag,1,WWDD01,WVF4GA,"16th Military Police Brigade (Airborne), Bldg 3516, Fort Bragg, NC",New SES appointment,11/12/2007,CN=Brian Vandermolen/OU=Units/O=Army,11/23/2007 10:09:29,CN=Lorraine Whitcombe/OU=CHPSID/O=TACOM,,7GRN1,11/26/2007 10:09:29,[TACOM];[Admin];[ReadOnlyAudit];LocalDomainServers;[SESApprover];CN=Brian Vandermolen/OU=Units/O=Army,[TACOM];[SESApprover],SES-2007-0013|WWDD01|WVF4GA
74DC427A51E506D0D4416E788BDFD7E5,3C76,,09/10/2014 08:45:26,10/28/2014 08:45:26,CN=Theodore Blankenship/OU=TroopSupport/O=DLA,SF50_0014.pdf,SES-2014-0014,Complete,Linda Jankowitz,Deputy to the Commanding General,Tier 2,Army Sustainment Command,SES Desk Flag Set,1,WN4V1D,WW92EA,"34th Infantry Division (Minnesota Army National Guard), Bldg 8170, Rosemount, MN",Tier promotion,09/10/2014,CN=Anthony Vanterpool/OU=Units/O=Army,09/15/2014 08:45:26,CN=Lorraine Whitcombe/OU=CHPSID/O=TACOM,,2VLY8,09/25/2014 08:45:26,[TACOM];[Admin];[ReadOnlyAudit];LocalDomainServers;[SESApprover];CN=Anthony Vanterpool/OU=Units/O=Army,[TACOM];[SESApprover],SES-2014-0014|WN4V1D|WW92EA
6D0EEA79C60BA31FAD4891FEE202152E,3C7A,,12/29/2025 12:36:14,12/29/2025 12:36:14,CN=Ret Hamlin/OU=CHPSID/O=TACOM,,SES-2025-0015,Submitted,Mary Izquierdo,Deputy to the Commanding General,Tier 3,Army Materiel Command G-3/4,SES Automobile Flag,1,W4MCNQ,WAVYC0,"7th Special Forces Group (Airborne), Bldg 591, Eglin Air Force Base, FL",Replacement - unserviceable,12/29/2025,CN=Linda Ellsworthy/OU=Units/O=Army,,,,,,[TACOM];[Admin];[ReadOnlyAudit];LocalDomainServers;[SESApprover];CN=Linda Ellsworthy/OU=Units/O=Army,[TACOM];[SESApprover],SES-2025-0015|W4MCNQ|WAVYC0
B9553956E8E575988457AE761A121364,3C7E,,09/10/2012 09:45:47,09/10/2012 09:45:47,CN=Lorraine Whitcombe/OU=CHPSID/O=TACOM,,SES-2012-0016,Cancelled,Harold Stroudmoor,Principal Deputy,Tier 3,U.S. Army Corps of Engineers Headquarters,SES Automobile Flag,1,WCTFKA,W4W4FA,"1st Battalion, 75th Ranger Regiment, Bldg 9308, Hunter Army Airfield, GA",Tier promotion,09/10/2012,CN=Robert Mackelvane/OU=Units/O=Army,,,,,,[TACOM];[Admin];[ReadOnlyAudit];LocalDomainServers;[SESApprover];CN=Robert Mackelvane/OU=Units/O=Army,[TACOM];[SESApprover],SES-2012-0016|WCTFKA|W4W4FA
AAD80AAB0697FB165E392483F3F25EE5,3C82,,09/03/2025 14:48:58,09/15/2025 14:48:58,CN=Ret Hamlin/OU=CHPSID/O=TACOM,,SES-2025-0017,Released to Vendor,Carlos Rockwell-Sayre,"Director, Integrated Logistics Support Center",Tier 2,Army Test and Evaluation Command,SES Positional Color (Outdoor),1,WZSV83,WDSVTA,"U.S. Army Cyber Command, Bldg 8155, Fort Gordon, GA",Tier promotion,09/03/2025,CN=Matthew Ingersby/OU=Units/O=Army,09/08/2025 14:48:58,CN=Lorraine Whitcombe/OU=CHPSID/O=TACOM,,2VLY8,09/15/2025 14:48:58,[TACOM];[Admin];[ReadOnlyAudit];LocalDomainServers;[SESApprover];CN=Matthew Ingersby/OU=Units/O=Army,[TACOM];[SESApprover],SES-2025-0017|WZSV83|WDSVTA
F9DC0AE21B0CEFCD8F02954C36D7385E,3C86,,07/04/2017 08:22:50,09/04/2017 08:22:50,CN=Ret Hamlin/OU=CHPSID/O=TACOM,,SES-2017-0018,Complete,Evelyn Vosburgh,Principal Deputy,Tier 2,Army Contracting Command,SES Positional Color (Indoor),2,W6AB4P,WJPGUA,"1st Theater Sustainment Command, Bldg 6349, Fort Knox, KY",Change of duty station,07/04/2017,CN=Christopher Wickersham/OU=Units/O=Army,07/22/2017 08:22:50,CN=Lorraine Whitcombe/OU=CHPSID/O=TACOM,,1CLR7,08/01/2017 08:22:50,[TACOM];[Admin];[ReadOnlyAudit];LocalDomainServers;[SESApprover];CN=Christopher Wickersham/OU=Units/O=Army,[TACOM];[SESApprover],SES-2017-0018|W6AB4P|WJPGUA
0D24C6E9EA0CD3430B5D1853EC2ED857,3C8A,,03/23/2026 08:28:17,03/23/2026 08:28:17,CN=Dwayne Petrakis/OU=CHPSID/O=TACOM,,SES-2026-0019,Draft,Helen Zellinger,"Director, Integrated Logistics Support Center",Tier 3,Army Materiel Command G-3/4,SES Positional Color (Outdoor),1,WVUEL3,WJEAVA,"40th Infantry Division (California Army National Guard), Bldg 551, Los Alamitos, CA",Change of duty station,03/23/2026,CN=Richard Isherwood/OU=Units/O=Army,,,,,,[TACOM];[Admin];[ReadOnlyAudit];LocalDomainServers;[SESApprover];CN=Richard Isherwood/OU=Units/O=Army,[TACOM];[SESApprover],SES-2026-0019|WVUEL3|WJEAVA
C68A248DED252FAF77C2E2CA78B352EB,3C8E,,01/07/2010 11:24:13,02/08/2010 11:24:13,CN=Theodore Blankenship/OU=TroopSupport/O=DLA,,SES-2010-0020,Complete,Eugene Stroudmoor,"Director, Integrated Logistics Support Center",Tier 2,Army Futures Command,SES Positional Color (Indoor),1,W0RGNQ,W7PPGA,"7th Signal Command (Theater), Bldg 7647, Fort Gordon, GA",Ceremony,01/07/2010,CN=Hector Mackelvane/OU=Units/O=Army,01/18/2010 11:24:13,CN=Lorraine Whitcombe/OU=CHPSID/O=TACOM,,9CST0,01/25/2010 11:24:13,[TACOM];[Admin];[ReadOnlyAudit];LocalDomainServers;[SESApprover];CN=Hector Mackelvane/OU=Units/O=Army,[TACOM];[SESApprover],SES-2010-0020|W0RGNQ|W7PPGA
CC131324F4901FCFE1F368BFF7169637,3C92,,11/10/2025 13:13:38,11/10/2025 13:13:38,CN=Lorraine Whitcombe/OU=CHPSID/O=TACOM,,SES-2025-0021,Returned,Thomas Mackelvane,Chief of Staff,Tier 2,Program Executive Office Ground Combat Systems,Replacement Fringe/Cord,1,WVLFGZ,WEKP2A,"Intelligence Center of Excellence, Bldg 8068, Fort Huachuca, AZ",Tier promotion,11/10/2025,CN=Sandra Jarvinen-Roe/OU=Units/O=Army,,,SF-50 / appointment memo not attached,,,[TACOM];[Admin];[ReadOnlyAudit];LocalDomainServers;[SESApprover];CN=Sandra Jarvinen-Roe/OU=Units/O=Army,[TACOM];[SESApprover],SES-2025-0021|WVLFGZ|WEKP2A
70C1B6D3D18A377DD15C3ECDEC3F8DB2,3C96,,09/08/2025 11:40:55,09/08/2025 11:40:55,CN=Theodore Blankenship/OU=TroopSupport/O=DLA,,SES-2025-0022,Submitted,Jennifer Cartlewood,Executive Director,Tier 1,Army Test and Evaluation Command,SES Desk Flag Set,1,WQB1WS,W4LVU0,"41st Field Artillery Brigade, Bldg 2658, Grafenwoehr, DE",Ceremony,09/08/2025,CN=Stephanie Mackelvane/OU=Units/O=Army,,,,,,[TACOM];[Admin];[ReadOnlyAudit];LocalDomainServers;[SESApprover];CN=Stephanie Mackelvane/OU=Units/O=Army,[TACOM];[SESApprover],SES-2025-0022|WQB1WS|W4LVU0
34643C3C478444A9B2FF24785EBE3B76,3C9A,,08/13/2012 16:56:46,08/23/2012 16:56:46,CN=Lorraine Whitcombe/OU=CHPSID/O=TACOM,,SES-2012-0023,Shipped,Leonard Oakhurst-Pell,Deputy Program Executive Officer,Tier 1,Program Executive Office Ground Combat Systems,SES Automobile Flag,1,WKCHGR,WBPC9A,"Medical Center of Excellence, Bldg 6760, Joint Base San Antonio-Fort Sam Houston, TX",Change of duty station,08/13/2012,CN=David Hollinbeck/OU=Units/O=Army,08/19/2012 16:56:46,CN=Lorraine Whitcombe/OU=CHPSID/O=TACOM,,9CST0,08/21/2012 16:56:46,[TACOM];[Admin];[ReadOnlyAudit];LocalDomainServers;[SESApprover];CN=David Hollinbeck/OU=Units/O=Army,[TACOM];[SESApprover],SES-2012-0023|WKCHGR|WBPC9A
A3F78110EAD6DAF97999C4D3FC144336,3C9E,,03/24/2009 12:55:49,04/29/2009 12:55:49,CN=Lorraine Whitcombe/OU=CHPSID/O=TACOM,SF50_0024.pdf,SES-2009-0024,Complete,Sandra Escobedo-Ruiz,Chief of Staff,Tier 3,Program Executive Office Soldier,Replacement Fringe/Cord,1,W33EFJ,WREFYA,"Maneuver Center of Excellence, Bldg 8545, Fort Benning, GA",Tier promotion,03/24/2009,CN=Mary Hollinbeck/OU=Units/O=Army,03/30/2009 12:55:49,CN=Lorraine Whitcombe/OU=CHPSID/O=TACOM,,2VLY8,04/09/2009 12:55:49,[TACOM];[Admin];[ReadOnlyAudit];LocalDomainServers;[SESApprover];CN=Mary Hollinbeck/OU=Units/O=Army,[TACOM];[SESApprover],SES-2009-0024|W33EFJ|WREFYA
C7B093EF9504C87FEC2A396F2682D34E,3CA2,,01/16/2006 16:14:50,02/12/2006 16:14:50,CN=Ret Hamlin/OU=CHPSID/O=TACOM,,SES-2006-0025,Complete,Nicole Underhill-Voss,Deputy to the Commanding General,Tier 2,Office of the Chief Information Officer/G-6,Replacement Fringe/Cord,1,WVLFGZ,WEKP2A,"Intelligence Center of Excellence, Bldg 4659, Fort Huachuca, AZ",Replacement - unserviceable,01/16/2006,CN=Evelyn Redfearn/OU=Units/O=Army,01/28/2006 16:14:50,CN=Lorraine Whitcombe/OU=CHPSID/O=TACOM,,2VLY8,01/31/2006 16:14:50,[TACOM];[Admin];[ReadOnlyAudit];LocalDomainServers;[SESApprover];CN=Evelyn Redfearn/OU=Units/O=Army,[TACOM];[SESApprover],SES-2006-0025|WVLFGZ|WEKP2A
E0636F63A0C0524244B7B6CAC5FC0068,3CA6,,01/26/2026 13:47:57,02/13/2026 13:47:57,CN=Lorraine Whitcombe/OU=CHPSID/O=TACOM,SF50_0026.pdf,SES-2026-0026,Released to Vendor,Marcus Delgadillo,Principal Deputy,Tier 2,Army Test and Evaluation Command,SES Positional Color (Indoor),1,WQJABD,WBFCGA,"1st Infantry Brigade Combat Team, 11th Airborne Division, Bldg 3233, Fort Wainwright, AK",Replacement - unserviceable,01/26/2026,CN=Carlos Yarrowdale/OU=Units/O=Army,02/06/2026 13:47:57,CN=Lorraine Whitcombe/OU=CHPSID/O=TACOM,,2VLY8,02/13/2026 13:47:57,[TACOM];[Admin];[ReadOnlyAudit];LocalDomainServers;[SESApprover];CN=Carlos Yarrowdale/OU=Units/O=Army,[TACOM];[SESApprover],SES-2026-0026|WQJABD|WBFCGA
9536034B59CD8262502C927D49521FC7,3CAA,,03/24/2026 13:01:08,03/31/2026 13:01:08,CN=Theodore Blankenship/OU=TroopSupport/O=DLA,SF50_0027.pdf,SES-2026-0027,Approved,Michael Rockwell-Sayre,Deputy to the Commanding General,Tier 3,TACOM ILSC,SES Desk Flag Set,1,WH9EE8,WRD9YA,"1st Armored Division Headquarters and Headquarters Battalion, Bldg 1160, Fort Bliss, TX",Change of duty station,03/24/2026,CN=Jennifer Hollinbeck/OU=Units/O=Army,03/31/2026 13:01:08,CN=Lorraine Whitcombe/OU=CHPSID/O=TACOM,,,,[TACOM];[Admin];[ReadOnlyAudit];LocalDomainServers;[SESApprover];CN=Jennifer Hollinbeck/OU=Units/O=Army,[TACOM];[SESApprover],SES-2026-0027|WH9EE8|WRD9YA
87BA7DA132F94024D90C6EBCC09E33E9,3CAE,,07/20/2026 11:34:38,07/20/2026 11:34:38,CN=Theodore Blankenship/OU=TroopSupport/O=DLA,,SES-2026-0028,Returned,Susan Greaves-Tolan,Deputy to the Commanding General,Tier 2,Army Futures Command,SES Positional Color (Indoor),1,WQJABD,WBFCGA,"1st Infantry Brigade Combat Team, 11th Airborne Division, Bldg 905, Fort Wainwright, AK",Change of duty station,07/20/2026,CN=Matthew Ingersby/OU=Units/O=Army,,,SF-50 / appointment memo not attached,,,[TACOM];[Admin];[ReadOnlyAudit];LocalDomainServers;[SESApprover];CN=Matthew Ingersby/OU=Units/O=Army,[TACOM];[SESApprover],SES-2026-0028|WQJABD|WBFCGA
B130B0600E3383D36B7A251E03382B14,3CB2,,02/10/2017 12:02:56,03/16/2017 12:02:56,CN=Lorraine Whitcombe/OU=CHPSID/O=TACOM,SF50_0029.pdf,SES-2017-0029,Complete,Amanda Fortenbury,Chief of Staff,Tier 3,Office of the Chief Information Officer/G-6,SES Positional Color (Outdoor),1,W06EHL,W0V2G0,"U.S. Army Materiel Command, Bldg 6457, Redstone Arsenal, AL",Ceremony,02/10/2017,CN=Helen Ostrowski-Lane/OU=Units/O=Army,02/17/2017 12:02:56,CN=Lorraine Whitcombe/OU=CHPSID/O=TACOM,,9CST0,02/23/2017 12:02:56,[TACOM];[Admin];[ReadOnlyAudit];LocalDomainServers;[SESApprover];CN=Helen Ostrowski-Lane/OU=Units/O=Army,[TACOM];[SESApprover],SES-2017-0029|W06EHL|W0V2G0
1D6A474A0BB111BB6FA411426C7A3629,3CB6,,06/11/2007 15:06:55,07/16/2007 15:06:55,CN=Lorraine Whitcombe/OU=CHPSID/O=TACOM,,SES-2007-0030,Complete,Ruth Marrowbridge,Deputy Program Executive Officer,Tier 3,Army Test and Evaluation Command,SES Desk Flag Set,2,WEMDTS,WVSGSA,"56th Stryker Brigade Combat Team (Pennsylvania Army National Guard), Bldg 7866, Horsham, PA",Tier promotion,06/11/2007,CN=Angela Stanwycke/OU=Units/O=Army,06/20/2007 15:06:55,CN=Lorraine Whitcombe/OU=CHPSID/O=TACOM,,7GRN1,06/24/2007 15:06:55,[TACOM];[Admin];[ReadOnlyAudit];LocalDomainServers;[SESApprover];CN=Angela Stanwycke/OU=Units/O=Army,[TACOM];[SESApprover],SES-2007-0030|WEMDTS|WVSGSA
45C9D8904664DBCF73F8588A30EE0C29,3CBA,,09/03/2021 09:49:52,10/10/2021 09:49:52,CN=Ret Hamlin/OU=CHPSID/O=TACOM,SF50_0031.pdf,SES-2021-0031,Complete,Sandra Kestleman,Deputy to the Commanding General,Tier 3,Army Contracting Command,SES Positional Color (Outdoor),1,WTDCN9,W1M090,"63rd Readiness Division (Army Reserve), Bldg 9195, Mountain View, CA",Replacement - unserviceable,09/03/2021,CN=Brandon Wickersham/OU=Units/O=Army,09/18/2021 09:49:52,CN=Lorraine Whitcombe/OU=CHPSID/O=TACOM,,2VLY8,09/20/2021 09:49:52,[TACOM];[Admin];[ReadOnlyAudit];LocalDomainServers;[SESApprover];CN=Brandon Wickersham/OU=Units/O=Army,[TACOM];[SESApprover],SES-2021-0031|WTDCN9|W1M090
1F06D1627F1D162EF8B6A87538EAAED7,3CBE,,09/10/2012 09:16:56,09/10/2012 09:16:56,CN=Dwayne Petrakis/OU=CHPSID/O=TACOM,SF50_0032.pdf,SES-2012-0032,Cancelled,Leonard Ostrowski-Lane,"Director, Integrated Logistics Support Center",Tier 2,"Office of the Deputy Chief of Staff, G-4",SES Positional Color (Indoor),1,WGK2VA,WSV490,"United States Military Academy, Bldg 2783, West Point, NY",New SES appointment,09/10/2012,CN=Gary Greaves-Tolan/OU=Units/O=Army,,,,,,[TACOM];[Admin];[ReadOnlyAudit];LocalDomainServers;[SESApprover];CN=Gary Greaves-Tolan/OU=Units/O=Army,[TACOM];[SESApprover],SES-2012-0032|WGK2VA|WSV490
EA42B6E2606B71DF3C905211D0A532D5,3CC2,,09/09/2024 16:09:19,10/06/2024 16:09:19,CN=Lorraine Whitcombe/OU=CHPSID/O=TACOM,SF50_0033.pdf,SES-2024-0033,Complete,Donald Montgomerie,Deputy to the Commanding General,Tier 2,"Office of the Assistant Secretary of the Army (Acquisition, Logistics and Technology)",SES Positional Color (Indoor),1,WLJR6V,WZFPDA,"U.S. Army Communications-Electronics Command, Bldg 6626, Aberdeen Proving Ground, MD",New SES appointment,09/09/2024,CN=Marcus Yeardley/OU=Units/O=Army,09/11/2024 16:09:19,CN=Lorraine Whitcombe/OU=CHPSID/O=TACOM,,9CST0,09/13/2024 16:09:19,[TACOM];[Admin];[ReadOnlyAudit];LocalDomainServers;[SESApprover];CN=Marcus Yeardley/OU=Units/O=Army,[TACOM];[SESApprover],SES-2024-0033|WLJR6V|WZFPDA
7134B581BF0D4DF1263A0320855BB169,3CC6,,01/06/2026 15:19:30,01/21/2026 15:19:30,CN=Dwayne Petrakis/OU=CHPSID/O=TACOM,SF50_0034.pdf,SES-2026-0034,Approved,Harold Montgomerie,Deputy Program Executive Officer,Tier 3,Program Executive Office Ground Combat Systems,SES Positional Color (Indoor),1,WGDZ6P,WHDZFA,"35th Signal Brigade, Bldg 3758, Fort Gordon, GA",Change of duty station,01/06/2026,CN=Sandra Jarvinen-Roe/OU=Units/O=Army,01/21/2026 15:19:30,CN=Lorraine Whitcombe/OU=CHPSID/O=TACOM,,,,[TACOM];[Admin];[ReadOnlyAudit];LocalDomainServers;[SESApprover];CN=Sandra Jarvinen-Roe/OU=Units/O=Army,[TACOM];[SESApprover],SES-2026-0034|WGDZ6P|WHDZFA
85617C698EA296C00ACC7F32E56D2E22,3CCA,,08/21/2015 13:33:49,09/12/2015 13:33:49,CN=Ret Hamlin/OU=CHPSID/O=TACOM,SF50_0035.pdf,SES-2015-0035,Shipped,Nicole Quinonez,Chief of Staff,Tier 2,"Office of the Deputy Chief of Staff, G-4",SES Desk Flag Set,1,WK6Q1Y,WTA8D0,"3rd Battalion, 75th Ranger Regiment, Bldg 7878, Fort Benning, GA",Tier promotion,08/21/2015,CN=Anthony Yarrowdale/OU=Units/O=Army,08/24/2015 13:33:49,CN=Lorraine Whitcombe/OU=CHPSID/O=TACOM,,2VLY8,08/26/2015 13:33:49,[TACOM];[Admin];[ReadOnlyAudit];LocalDomainServers;[SESApprover];CN=Anthony Yarrowdale/OU=Units/O=Army,[TACOM];[SESApprover],SES-2015-0035|WK6Q1Y|WTA8D0
DBD47E81A64AC84C0D443CE7AF647F5B,3CCE,,05/15/2024 11:04:29,06/02/2024 11:04:29,CN=Theodore Blankenship/OU=TroopSupport/O=DLA,,SES-2024-0036,Complete,James Zapata-Kell,Executive Director,Tier 3,Program Executive Office Ground Combat Systems,SES Positional Color (Indoor),1,WWQWYR,WZW010,"173rd Airborne Brigade, Bldg 9802, Caserma Del Din, Vicenza, IT",New SES appointment,05/15/2024,CN=Nicole Oakhurst-Pell/OU=Units/O=Army,05/17/2024 11:04:29,CN=Lorraine Whitcombe/OU=CHPSID/O=TACOM,,7GRN1,05/27/2024 11:04:29,[TACOM];[Admin];[ReadOnlyAudit];LocalDomainServers;[SESApprover];CN=Nicole Oakhurst-Pell/OU=Units/O=Army,[TACOM];[SESApprover],SES-2024-0036|WWQWYR|WZW010
052DFDFFD66A6C388BD096F888FF8ED3,3CD2,,10/09/2008 10:00:42,11/06/2008 10:00:42,CN=Dwayne Petrakis/OU=CHPSID/O=TACOM,SF50_0037.pdf,SES-2008-0037,Complete,Thomas Everleigh,Chief of Staff,Tier 2,Army Test and Evaluation Command,SES Desk Flag Set,1,W5KNYG,W08YQ0,"1st Armored Brigade Combat Team, 1st Infantry Division, Bldg 6675, Fort Riley, KS",Ceremony,10/09/2008,CN=Steven Fennimark/OU=Units/O=Army,10/27/2008 10:00:42,CN=Lorraine Whitcombe/OU=CHPSID/O=TACOM,,2VLY8,10/30/2008 10:00:42,[TACOM];[Admin];[ReadOnlyAudit];LocalDomainServers;[SESApprover];CN=Steven Fennimark/OU=Units/O=Army,[TACOM];[SESApprover],SES-2008-0037|W5KNYG|W08YQ0
2BEE92834FA1928949825046011C1443,3CD6,,10/25/2011 13:22:09,12/01/2011 13:22:09,CN=Lorraine Whitcombe/OU=CHPSID/O=TACOM,,SES-2011-0038,Complete,Terrence Iverstone,Deputy Program Executive Officer,Tier 2,Office of the Chief Information Officer/G-6,SES Desk Flag Set,1,WYWFQJ,WP9FKA,"Sustainment Center of Excellence, Bldg 2610, Fort Lee, VA",New SES appointment,10/25/2011,CN=Thomas Bramwold/OU=Units/O=Army,11/04/2011 13:22:09,CN=Lorraine Whitcombe/OU=CHPSID/O=TACOM,,9CST0,11/11/2011 13:22:09,[TACOM];[Admin];[ReadOnlyAudit];LocalDomainServers;[SESApprover];CN=Thomas Bramwold/OU=Units/O=Army,[TACOM];[SESApprover],SES-2011-0038|WYWFQJ|WP9FKA
0A6522FA5F166B5126DDAA605A158E0E,3CDA,,02/24/2025 16:38:22,03/19/2025 16:38:22,CN=Dwayne Petrakis/OU=CHPSID/O=TACOM,SF50_0039.pdf,SES-2025-0039,Complete,Arthur Whitlock-Bay,Deputy Program Executive Officer,Tier 3,Army Futures Command,SES Positional Color (Outdoor),1,WN4V1D,WW92EA,"34th Infantry Division (Minnesota Army National Guard), Bldg 8681, Rosemount, MN",Ceremony,02/24/2025,CN=Joshua Northway/OU=Units/O=Army,03/09/2025 16:38:22,CN=Lorraine Whitcombe/OU=CHPSID/O=TACOM,,2VLY8,03/17/2025 16:38:22,[TACOM];[Admin];[ReadOnlyAudit];LocalDomainServers;[SESApprover];CN=Joshua Northway/OU=Units/O=Army,[TACOM];[SESApprover],SES-2025-0039|WN4V1D|WW92EA
07AB7588130D94E0A4DF1575DC5A5E36,3CDE,,10/07/2024 13:11:16,11/27/2024 13:11:16,CN=Theodore Blankenship/OU=TroopSupport/O=DLA,SF50_0040.pdf,SES-2024-0040,Complete,Betty Wexcombe,Principal Deputy,Tier 2,Army Materiel Command G-3/4,SES Positional Color (Indoor),1,WG43NM,W5XU10,"20th Engineer Brigade (Combat) (Airborne), Bldg 3541, Fort Bragg, NC",New SES appointment,10/07/2024,CN=Steven Fennimark/OU=Units/O=Army,10/14/2024 13:11:16,CN=Lorraine Whitcombe/OU=CHPSID/O=TACOM,,7GRN1,10/19/2024 13:11:16,[TACOM];[Admin];[ReadOnlyAudit];LocalDomainServers;[SESApprover];CN=Steven Fennimark/OU=Units/O=Army,[TACOM];[SESApprover],SES-2024-0040|WG43NM|W5XU10
E45835AE09453283B9F7D31C1618AE30,3CE2,,09/24/2025 12:38:54,10/04/2025 12:38:54,CN=Lorraine Whitcombe/OU=CHPSID/O=TACOM,SF50_0041.pdf,SES-2025-0041,Released to Vendor,Carol Crandall-Mott,Principal Deputy,Tier 3,Army Test and Evaluation Command,SES Positional Color (Indoor),1,WGPVZG,W5T4LA,"1st Information Operations Command (Land), Bldg 575, Fort Belvoir, VA",Ceremony,09/24/2025,CN=Patricia Norquist/OU=Units/O=Army,10/02/2025 12:38:54,CN=Lorraine Whitcombe/OU=CHPSID/O=TACOM,,1CLR7,10/04/2025 12:38:54,[TACOM];[Admin];[ReadOnlyAudit];LocalDomainServers;[SESApprover];CN=Patricia Norquist/OU=Units/O=Army,[TACOM];[SESApprover],SES-2025-0041|WGPVZG|W5T4LA
7241F419F46CEB1FCFE0879EB75F1290,3CE6,,04/21/2026 08:24:54,06/13/2026 08:24:54,CN=Lorraine Whitcombe/OU=CHPSID/O=TACOM,SF50_0042.pdf,SES-2026-0042,Complete,Michael Stroudmoor,Deputy Program Executive Officer,Tier 3,Program Executive Office Soldier,SES Automobile Flag,1,W275B5,WFA07A,"88th Readiness Division (Army Reserve), Bldg 8981, Fort McCoy, WI",New SES appointment,04/21/2026,CN=Carol Stroudmoor/OU=Units/O=Army,05/10/2026 08:24:54,CN=Lorraine Whitcombe/OU=CHPSID/O=TACOM,,2VLY8,05/18/2026 08:24:54,[TACOM];[Admin];[ReadOnlyAudit];LocalDomainServers;[SESApprover];CN=Carol Stroudmoor/OU=Units/O=Army,[TACOM];[SESApprover],SES-2026-0042|W275B5|WFA07A
5A945B472CB022025DFFCC6AF2CE6FB0,3CEA,,04/23/2018 16:25:08,05/23/2018 16:25:08,CN=Lorraine Whitcombe/OU=CHPSID/O=TACOM,,SES-2018-0043,Shipped,Arthur Lindquarry,Deputy to the Commanding General,Tier 3,Army Futures Command,SES Positional Color (Indoor),2,WWCT1F,WN4QPA,"8th Theater Sustainment Command, Bldg 874, Fort Shafter, HI",Ceremony,04/23/2018,CN=Earl Vandermolen/OU=Units/O=Army,05/12/2018 16:25:08,CN=Lorraine Whitcombe/OU=CHPSID/O=TACOM,,1CLR7,05/20/2018 16:25:08,[TACOM];[Admin];[ReadOnlyAudit];LocalDomainServers;[SESApprover];CN=Earl Vandermolen/OU=Units/O=Army,[TACOM];[SESApprover],SES-2018-0043|WWCT1F|WN4QPA
D27C8ECCF43CD3573A88B79BCA98AD6A,3CEE,,03/18/2024 09:13:40,04/12/2024 09:13:40,CN=Ret Hamlin/OU=CHPSID/O=TACOM,SF50_0044.pdf,SES-2024-0044,Complete,Ruth Trevino-Hale,Executive Director,Tier 3,Army Sustainment Command,SES Automobile Flag,1,WTM604,W85WKA,"U.S. Army Training and Doctrine Command, Bldg 2580, Fort Eustis, VA",New SES appointment,03/18/2024,CN=Sandra Jarvinen-Roe/OU=Units/O=Army,03/21/2024 09:13:40,CN=Lorraine Whitcombe/OU=CHPSID/O=TACOM,,2VLY8,03/25/2024 09:13:40,[TACOM];[Admin];[ReadOnlyAudit];LocalDomainServers;[SESApprover];CN=Sandra Jarvinen-Roe/OU=Units/O=Army,[TACOM];[SESApprover],SES-2024-0044|WTM604|W85WKA
926DAE08A0203A3D2E9ADCD8FF58BC3B,3CF2,,12/12/2022 17:32:17,01/19/2023 17:32:17,CN=Theodore Blankenship/OU=TroopSupport/O=DLA,,SES-2022-0045,Complete,Richard Dunmore-Vey,Deputy to the Commanding General,Tier 1,"Office of the Assistant Secretary of the Army (Acquisition, Logistics and Technology)",SES Positional Color (Outdoor),1,WT9L97,WU714A,"U.S. Army Recruiting Command, Bldg 9849, Fort Knox, KY",Tier promotion,12/12/2022,CN=Jose Ormsbee/OU=Units/O=Army,12/17/2022 17:32:17,CN=Lorraine Whitcombe/OU=CHPSID/O=TACOM,,9CST0,12/25/2022 17:32:17,[TACOM];[Admin];[ReadOnlyAudit];LocalDomainServers;[SESApprover];CN=Jose Ormsbee/OU=Units/O=Army,[TACOM];[SESApprover],SES-2022-0045|WT9L97|WU714A
5F752EB85083AFB53E46F95F4C71B7C9,3CF6,,02/23/2026 07:42:38,03/12/2026 07:42:38,CN=Ret Hamlin/OU=CHPSID/O=TACOM,SF50_0046.pdf,SES-2026-0046,Approved,Ruth Trevino-Hale,Principal Deputy,Tier 3,U.S. Army Corps of Engineers Headquarters,SES Positional Color (Indoor),1,W41BBB,WQQ330,"2nd Battalion, 75th Ranger Regiment, Bldg 3742, Joint Base Lewis-McChord, WA",Change of duty station,02/23/2026,CN=Steven Fennimark/OU=Units/O=Army,03/12/2026 07:42:38,CN=Lorraine Whitcombe/OU=CHPSID/O=TACOM,,,,[TACOM];[Admin];[ReadOnlyAudit];LocalDomainServers;[SESApprover];CN=Steven Fennimark/OU=Units/O=Army,[TACOM];[SESApprover],SES-2026-0046|W41BBB|WQQ330
F96CAFE0C7668F4AFC20C3F048DB6566,3CFA,,08/06/2019 14:06:22,09/02/2019 14:06:22,CN=Dwayne Petrakis/OU=CHPSID/O=TACOM,,SES-2019-0047,Complete,Sandra Quinonez,Principal Deputy,Tier 3,Army Test and Evaluation Command,Replacement Fringe/Cord,1,WB1YZF,WG0UVA,"2nd Infantry Brigade Combat Team, 10th Mountain Division, Bldg 7316, Fort Drum, NY",New SES appointment,08/06/2019,CN=Mary Zapata-Kell/OU=Units/O=Army,08/09/2019 14:06:22,CN=Lorraine Whitcombe/OU=CHPSID/O=TACOM,,2VLY8,08/10/2019 14:06:22,[TACOM];[Admin];[ReadOnlyAudit];LocalDomainServers;[SESApprover];CN=Mary Zapata-Kell/OU=Units/O=Army,[TACOM];[SESApprover],SES-2019-0047|WB1YZF|WG0UVA
6BED0F91BBE9562678FCB715C03B6AFB,3CFE,,10/06/2016 12:06:31,10/24/2016 12:06:31,CN=Dwayne Petrakis/OU=CHPSID/O=TACOM,,SES-2016-0048,Complete,Harold Dellacroix,"Director, Integrated Logistics Support Center",Tier 1,Army Contracting Command,SES Positional Color (Indoor),1,WB1YZF,WG0UVA,"2nd Infantry Brigade Combat Team, 10th Mountain Division, Bldg 6793, Fort Drum, NY",Replacement - unserviceable,10/06/2016,CN=Brian Kirkbride/OU=Units/O=Army,10/18/2016 12:06:31,CN=Lorraine Whitcombe/OU=CHPSID/O=TACOM,,1CLR7,10/23/2016 12:06:31,[TACOM];[Admin];[ReadOnlyAudit];LocalDomainServers;[SESApprover];CN=Brian Kirkbride/OU=Units/O=Army,[TACOM];[SESApprover],SES-2016-0048|WB1YZF|WG0UVA
9B9F2774BCF8DF9DABD6DB89C149BAF1,3D02,,03/25/2011 14:03:58,04/16/2011 14:03:58,CN=Dwayne Petrakis/OU=CHPSID/O=TACOM,SF50_0049.pdf,SES-2011-0049,Complete,Frances Jaramillo,Chief of Staff,Tier 1,Army Materiel Command G-3/4,SES Positional Color (Outdoor),1,WEZAQC,WLARAA,"528th Sustainment Brigade (Special Operations) (Airborne), Bldg 5919, Fort Bragg, NC",Tier promotion,03/25/2011,CN=Arthur Quimbley/OU=Units/O=Army,04/04/2011 14:03:58,CN=Lorraine Whitcombe/OU=CHPSID/O=TACOM,,7GRN1,04/14/2011 14:03:58,[TACOM];[Admin];[ReadOnlyAudit];LocalDomainServers;[SESApprover];CN=Arthur Quimbley/OU=Units/O=Army,[TACOM];[SESApprover],SES-2011-0049|WEZAQC|WLARAA
67CE793243FE0A77039F0EAB6132A457,3D06,,05/27/2020 11:09:37,06/16/2020 11:09:37,CN=Ret Hamlin/OU=CHPSID/O=TACOM,SF50_0050.pdf,SES-2020-0050,Complete,Thomas Saldivar,Chief of Staff,Tier 2,Army Materiel Command G-3/4,SES Positional Color (Indoor),1,WSPEAM,WLS87A,"4th Infantry Division Sustainment Brigade, Bldg 4199, Fort Carson, CO",Ceremony,05/27/2020,CN=Barbara Jankowitz/OU=Units/O=Army,06/02/2020 11:09:37,CN=Lorraine Whitcombe/OU=CHPSID/O=TACOM,,1CLR7,06/10/2020 11:09:37,[TACOM];[Admin];[ReadOnlyAudit];LocalDomainServers;[SESApprover];CN=Barbara Jankowitz/OU=Units/O=Army,[TACOM];[SESApprover],SES-2020-0050|WSPEAM|WLS87A
22435A8F0154C0B0E745939878D54185,3D0A,,03/25/2026 08:59:46,03/25/2026 08:59:46,CN=Dwayne Petrakis/OU=CHPSID/O=TACOM,SF50_0051.pdf,SES-2026-0051,Submitted,Ruth Rathbourne,Executive Director,Tier 2,Office of the Chief Information Officer/G-6,SES Desk Flag Set,1,WAY862,WZV67A,"12th Combat Aviation Brigade, Bldg 7622, Katterbach Kaserne, Ansbach, DE",Ceremony,03/25/2026,CN=Betty Ashcroft-Mayne/OU=Units/O=Army,,,,,,[TACOM];[Admin];[ReadOnlyAudit];LocalDomainServers;[SESApprover];CN=Betty Ashcroft-Mayne/OU=Units/O=Army,[TACOM];[SESApprover],SES-2026-0051|WAY862|WZV67A
50BD43178679F3AFE07D0CD40D165F0F,3D0E,,01/17/2007 07:50:04,02/22/2007 07:50:04,CN=Dwayne Petrakis/OU=CHPSID/O=TACOM,SF50_0052.pdf,SES-2007-0052,Shipped,Norman Templeton-Ash,Deputy to the Commanding General,Tier 2,Army Materiel Command G-3/4,SES Positional Color (Indoor),1,WUQZVZ,WEDH80,"278th Armored Cavalry Regiment (Tennessee Army National Guard), Bldg 9387, Knoxville, TN",Ceremony,01/17/2007,CN=Anthony Palomares/OU=Units/O=Army,01/26/2007 07:50:04,CN=Lorraine Whitcombe/OU=CHPSID/O=TACOM,,2VLY8,01/31/2007 07:50:04,[TACOM];[Admin];[ReadOnlyAudit];LocalDomainServers;[SESApprover];CN=Anthony Palomares/OU=Units/O=Army,[TACOM];[SESApprover],SES-2007-0052|WUQZVZ|WEDH80
CFCA68A8F9BF239203DCADF99FC558D2,3D12,,07/30/2026 09:00:06,08/08/2026 09:00:06,CN=Lorraine Whitcombe/OU=CHPSID/O=TACOM,SF50_0053.pdf,SES-2026-0053,Released to Vendor,Justin Underhill-Voss,Deputy to the Commanding General,Tier 2,TACOM ILSC,Replacement Fringe/Cord,1,WSNAV8,WU7LRA,"377th Theater Sustainment Command (Army Reserve), Bldg 9569, Belle Chasse, LA",Replacement - unserviceable,07/30/2026,CN=Harold Xanthopoulos/OU=Units/O=Army,08/01/2026 09:00:06,CN=Lorraine Whitcombe/OU=CHPSID/O=TACOM,,9CST0,08/08/2026 09:00:06,[TACOM];[Admin];[ReadOnlyAudit];LocalDomainServers;[SESApprover];CN=Harold Xanthopoulos/OU=Units/O=Army,[TACOM];[SESApprover],SES-2026-0053|WSNAV8|WU7LRA
0354CF5B2F77092535CC6E06ACDEE83D,3D16,,10/21/2019 12:41:08,11/24/2019 12:41:08,CN=Dwayne Petrakis/OU=CHPSID/O=TACOM,,SES-2019-0054,Complete,Matthew Kellerhaus,Principal Deputy,Tier 2,Office of the Chief Information Officer/G-6,SES Positional Color (Outdoor),1,WS0W7Z,W3SE1A,"V Corps Headquarters and Headquarters Battalion, Bldg 5674, Fort Knox, KY",Replacement - unserviceable,10/21/2019,CN=Gary Wickersham/OU=Units/O=Army,10/25/2019 12:41:08,CN=Lorraine Whitcombe/OU=CHPSID/O=TACOM,,7GRN1,10/30/2019 12:41:08,[TACOM];[Admin];[ReadOnlyAudit];LocalDomainServers;[SESApprover];CN=Gary Wickersham/OU=Units/O=Army,[TACOM];[SESApprover],SES-2019-0054|WS0W7Z|W3SE1A
2578FF657079387531A6F28C4C7CDB6B,3D1A,,11/26/2012 11:09:26,01/07/2013 11:09:26,CN=Theodore Blankenship/OU=TroopSupport/O=DLA,,SES-2012-0055,Complete,Carlos Sallisaw,"Director, Integrated Logistics Support Center",Tier 3,Army Futures Command,SES Desk Flag Set,1,WVUTXQ,W0QRDA,"17th Field Artillery Brigade, Bldg 303, Joint Base Lewis-McChord, WA",Change of duty station,11/26/2012,CN=Anthony Yarrowdale/OU=Units/O=Army,12/12/2012 11:09:26,CN=Lorraine Whitcombe/OU=CHPSID/O=TACOM,,9CST0,12/20/2012 11:09:26,[TACOM];[Admin];[ReadOnlyAudit];LocalDomainServers;[SESApprover];CN=Anthony Yarrowdale/OU=Units/O=Army,[TACOM];[SESApprover],SES-2012-0055|WVUTXQ|W0QRDA
3D91FD689F8770FE4C9238B847AB1554,3D1E,,10/04/2017 11:43:51,10/27/2017 11:43:51,CN=Ret Hamlin/OU=CHPSID/O=TACOM,SF50_0056.pdf,SES-2017-0056,Complete,Matthew Rathbourne,Deputy Program Executive Officer,Tier 3,Program Executive Office Soldier,SES Automobile Flag,1,WK5WLH,W8Z4NA,"U.S. Army Band 'Pershing's Own', Bldg 6930, Fort Myer, VA",Ceremony,10/04/2017,CN=Angela Iverstone/OU=Units/O=Army,10/08/2017 11:43:51,CN=Lorraine Whitcombe/OU=CHPSID/O=TACOM,,7GRN1,10/11/2017 11:43:51,[TACOM];[Admin];[ReadOnlyAudit];LocalDomainServers;[SESApprover];CN=Angela Iverstone/OU=Units/O=Army,[TACOM];[SESApprover],SES-2017-0056|WK5WLH|W8Z4NA
9CE0D9F9D10A1AF663F14B377067DC3E,3D22,,03/29/2006 08:22:32,06/02/2006 08:22:32,CN=Ret Hamlin/OU=CHPSID/O=TACOM,SF50_0057.pdf,SES-2006-0057,Complete,Jose Vandermolen,Principal Deputy,Tier 3,Army Sustainment Command,SES Positional Color (Outdoor),1,W3HFA3,W4PPHA,"28th Infantry Division (Pennsylvania Army National Guard), Bldg 5361, Harrisburg, PA",Tier promotion,03/29/2006,CN=Helen Okonkwo-Bell/OU=Units/O=Army,04/18/2006 08:22:32,CN=Lorraine Whitcombe/OU=CHPSID/O=TACOM,,2VLY8,04/27/2006 08:22:32,[TACOM];[Admin];[ReadOnlyAudit];LocalDomainServers;[SESApprover];CN=Helen Okonkwo-Bell/OU=Units/O=Army,[TACOM];[SESApprover],SES-2006-0057|W3HFA3|W4PPHA
244DE677381AD2957F0B9B47F7594FBB,3D26,,01/24/2011 14:12:10,03/10/2011 14:12:10,CN=Lorraine Whitcombe/OU=CHPSID/O=TACOM,,SES-2011-0058,Complete,Harold Xanthopoulos,Principal Deputy,Tier 3,Army Sustainment Command,SES Positional Color (Indoor),1,WYD5U9,W9ZVP0,"1st Air Cavalry Brigade, Bldg 4364, Fort Hood, TX",Tier promotion,01/24/2011,CN=Steven Galbreath/OU=Units/O=Army,02/09/2011 14:12:10,CN=Lorraine Whitcombe/OU=CHPSID/O=TACOM,,7GRN1,02/14/2011 14:12:10,[TACOM];[Admin];[ReadOnlyAudit];LocalDomainServers;[SESApprover];CN=Steven Galbreath/OU=Units/O=Army,[TACOM];[SESApprover],SES-2011-0058|WYD5U9|W9ZVP0
F4969D404F00155A49F6592E230E02B4,3D2A,,09/18/2014 17:58:29,10/08/2014 17:58:29,CN=Theodore Blankenship/OU=TroopSupport/O=DLA,,SES-2014-0059,Complete,Karen Isherwood,Deputy to the Commanding General,Tier 2,"Office of the Deputy Chief of Staff, G-4",SES Desk Flag Set,1,W6JHJN,WFYRRA,"807th Medical Command (Deployment Support) (Army Reserve), Bldg 3178, Fort Douglas, UT",New SES appointment,09/18/2014,CN=Jessica Pettiford/OU=Units/O=Army,10/03/2014 17:58:29,CN=Lorraine Whitcombe/OU=CHPSID/O=TACOM,,9CST0,10/06/2014 17:58:29,[TACOM];[Admin];[ReadOnlyAudit];LocalDomainServers;[SESApprover];CN=Jessica Pettiford/OU=Units/O=Army,[TACOM];[SESApprover],SES-2014-0059|W6JHJN|WFYRRA
6C15DFCDA505480260B1B656611F5028,3D2E,,01/23/2017 12:37:15,02/15/2017 12:37:15,CN=Lorraine Whitcombe/OU=CHPSID/O=TACOM,,SES-2017-0060,Complete,Walter Stroudmoor,Executive Director,Tier 3,Program Executive Office Ground Combat Systems,SES Positional Color (Indoor),1,WW0RPQ,WKYUF0,"42nd Infantry Division (New York Army National Guard), Bldg 7690, Troy, NY",Ceremony,01/23/2017,CN=Norman Yellowley/OU=Units/O=Army,02/06/2017 12:37:15,CN=Lorraine Whitcombe/OU=CHPSID/O=TACOM,,1CLR7,02/10/2017 12:37:15,[TACOM];[Admin];[ReadOnlyAudit];LocalDomainServers;[SESApprover];CN=Norman Yellowley/OU=Units/O=Army,[TACOM];[SESApprover],SES-2017-0060|WW0RPQ|WKYUF0
