UNID,NoteID,ParentUNID,Created,Modified,LastUpdatedBy,Attachments,StockNumber,ItemName,Category,Description,Branch,UnitOfIssue,UnitPrice,MaxQtyPerRequest,LeadTimeDays,ApprovedVendors,Reference,Active,FSC,NIIN
425A4B21781EC30BFFA6E0DC2D8CFC29,92A,,07/31/2012 13:49:19,05/07/2017 09:03:13,CN=Lorraine Whitcombe/OU=CHPSID/O=TACOM,,8345-00-350-1669,"Guidon, Infantry, 20 in x 27-3/4 in, light blue",Guidon,"Guidon, Infantry, 20 in x 27-3/4 in, light blue; per AR 840-10; heraldic specification TIOH.",Infantry,EA,64.57,4,45,3SRF2;5KSB9;4TRD6;9CST0,AR 840-10,Yes,8345,00-350-1669
37AE729D47F02D7C3EED573ED5C7FAF5,92E,,01/26/2012 16:59:27,01/11/2021 08:14:02,CN=Ret Hamlin/OU=CHPSID/O=TACOM,,8345-00-823-2780,"Guidon, Armor, 20 in x 27-3/4 in, yellow",Guidon,"Guidon, Armor, 20 in x 27-3/4 in, yellow; per AR 840-10; heraldic specification TIOH.",Armor,EA,75.75,4,45,3SRF2;5KSB9;4TRD6;9CST0,AR 840-10,Yes,8345,00-823-2780
0914B4E811B6A128FF9ACD0597FB2524,932,,05/06/2011 13:32:49,06/20/2019 11:38:47,CN=Dwayne Petrakis/OU=CHPSID/O=TACOM,,8345-01-270-1892,"Guidon, Field Artillery, 20 in x 27-3/4 in, scarlet",Guidon,"Guidon, Field Artillery, 20 in x 27-3/4 in, scarlet; per AR 840-10; heraldic specification TIOH.",Field Artillery,EA,120.51,4,45,3SRF2;5KSB9;4TRD6;9CST0,AR 840-10,Yes,8345,01-270-1892
71C75840927BD4CCFCD409846762BB61,936,,04/29/2012 15:12:55,09/15/2023 11:25:25,CN=Ret Hamlin/OU=CHPSID/O=TACOM,,8345-01-324-8329,"Guidon, Air Defense Artillery, 20 in x 27-3/4 in, scarlet",Guidon,"Guidon, Air Defense Artillery, 20 in x 27-3/4 in, scarlet; per AR 840-10; heraldic specification TIOH.",Air Defense Artillery,EA,127.38,4,45,3SRF2;5KSB9;4TRD6;9CST0,AR 840-10,Yes,8345,01-324-8329
7FD81A5C5CB190FA62305C9EF304B006,93A,,07/02/2005 11:33:39,05/31/2013 08:53:06,CN=Lorraine Whitcombe/OU=CHPSID/O=TACOM,,8345-00-448-6262,"Guidon, Aviation, 20 in x 27-3/4 in, ultramarine blue and golden orange",Guidon,"Guidon, Aviation, 20 in x 27-3/4 in, ultramarine blue and golden orange; per AR 840-10; heraldic specification TIOH.",Aviation,EA,80.26,4,45,3SRF2;5KSB9;4TRD6;9CST0,AR 840-10,Yes,8345,00-448-6262
C9C563D8A135F4ECDFBDF7675190D4E3,93E,,07/01/2012 15:09:23,07/27/2024 09:07:08,CN=Theodore Blankenship/OU=TroopSupport/O=DLA,,8345-00-603-7562,"Guidon, Cavalry, 20 in x 27-3/4 in, yellow",Guidon,"Guidon, Cavalry, 20 in x 27-3/4 in, yellow; per AR 840-10; heraldic specification TIOH.",Cavalry,EA,125.04,4,45,3SRF2;5KSB9;4TRD6;9CST0,AR 840-10,Yes,8345,00-603-7562
4CBD2A3B4744609346001131520C0F1F,942,,12/25/2004 11:25:00,03/09/2025 07:35:14,CN=Theodore Blankenship/OU=TroopSupport/O=DLA,,8345-00-279-9744,"Guidon, Corps of Engineers, 20 in x 27-3/4 in, scarlet and white",Guidon,"Guidon, Corps of Engineers, 20 in x 27-3/4 in, scarlet and white; per AR 840-10; heraldic specification TIOH.",Corps of Engineers,EA,127.95,4,45,3SRF2;5KSB9;4TRD6;9CST0,AR 840-10,Yes,8345,00-279-9744
BCC6474104A617D8584F59F44C72B963,946,,04/11/2012 08:47:04,06/06/2019 16:11:09,CN=Theodore Blankenship/OU=TroopSupport/O=DLA,,8345-01-537-5280,"Guidon, Signal Corps, 20 in x 27-3/4 in, orange and white",Guidon,"Guidon, Signal Corps, 20 in x 27-3/4 in, orange and white; per AR 840-10; heraldic specification TIOH.",Signal Corps,EA,85.25,4,45,3SRF2;5KSB9;4TRD6;9CST0,AR 840-10,Yes,8345,01-537-5280
9BD2AA4E85C04F0F110F7D1627F2A01C,94A,,12/13/2010 14:30:57,07/26/2017 07:48:05,CN=Theodore Blankenship/OU=TroopSupport/O=DLA,,8345-01-445-2770,"Guidon, Military Police Corps, 20 in x 27-3/4 in, green and yellow",Guidon,"Guidon, Military Police Corps, 20 in x 27-3/4 in, green and yellow; per AR 840-10; heraldic specification TIOH.",Military Police Corps,EA,133.13,4,45,3SRF2;5KSB9;4TRD6;9CST0,AR 840-10,Yes,8345,01-445-2770
AD4C9DA14CC3D0011147B9B3AE94C9E6,94E,,11/18/2006 11:42:10,08/14/2025 13:15:37,CN=Dwayne Petrakis/OU=CHPSID/O=TACOM,,8345-01-479-1529,"Guidon, Army Medical Department, 20 in x 27-3/4 in, maroon and white",Guidon,"Guidon, Army Medical Department, 20 in x 27-3/4 in, maroon and white; per AR 840-10; heraldic specification TIOH.",Army Medical Department,EA,77.48,4,45,3SRF2;5KSB9;4TRD6;9CST0,AR 840-10,Yes,8345,01-479-1529
3E72CFF4655F180022360D71B16FA867,952,,06/23/2009 16:37:22,07/16/2026 17:23:09,CN=Lorraine Whitcombe/OU=CHPSID/O=TACOM,,8345-00-456-1906,"Guidon, Ordnance Corps, 20 in x 27-3/4 in, crimson and yellow",Guidon,"Guidon, Ordnance Corps, 20 in x 27-3/4 in, crimson and yellow; per AR 840-10; heraldic specification TIOH.",Ordnance Corps,EA,123.49,4,45,3SRF2;5KSB9;4TRD6;9CST0,AR 840-10,Yes,8345,00-456-1906
5F481775771D488B61D6E8B5BA0ED82B,956,,06/28/2006 17:59:04,09/06/2025 16:46:37,CN=Lorraine Whitcombe/OU=CHPSID/O=TACOM,,8345-00-724-5772,"Guidon, Quartermaster Corps, 20 in x 27-3/4 in, buff",Guidon,"Guidon, Quartermaster Corps, 20 in x 27-3/4 in, buff; per AR 840-10; heraldic specification TIOH.",Quartermaster Corps,EA,64.02,4,45,3SRF2;5KSB9;4TRD6;9CST0,AR 840-10,Yes,8345,00-724-5772
6E04FCD9270CD27A330F3671E1E235A6,95A,,02/13/2012 08:42:32,09/02/2024 16:41:50,CN=Theodore Blankenship/OU=TroopSupport/O=DLA,,8345-01-677-8650,"Guidon, Transportation Corps, 20 in x 27-3/4 in, brick red and golden yellow",Guidon,"Guidon, Transportation Corps, 20 in x 27-3/4 in, brick red and golden yellow; per AR 840-10; heraldic specification TIOH.",Transportation Corps,EA,101.27,4,45,3SRF2;5KSB9;4TRD6;9CST0,AR 840-10,Yes,8345,01-677-8650
BC14D064D89F55CDB54BCF46DD0DCB8B,95E,,02/14/2010 08:50:27,11/14/2010 10:45:57,CN=Lorraine Whitcombe/OU=CHPSID/O=TACOM,,8345-01-407-1474,"Guidon, Chemical Corps, 20 in x 27-3/4 in, cobalt blue and golden yellow",Guidon,"Guidon, Chemical Corps, 20 in x 27-3/4 in, cobalt blue and golden yellow; per AR 840-10; heraldic specification TIOH.",Chemical Corps,EA,95.09,4,45,3SRF2;5KSB9;4TRD6;9CST0,AR 840-10,Yes,8345,01-407-1474
27FE91A344069879E0FD5374705F6EE1,962,,09/25/2008 16:52:11,10/02/2023 16:01:17,CN=Lorraine Whitcombe/OU=CHPSID/O=TACOM,,8345-00-260-1721,"Guidon, Military Intelligence Corps, 20 in x 27-3/4 in, oriental blue and silver gray",Guidon,"Guidon, Military Intelligence Corps, 20 in x 27-3/4 in, oriental blue and silver gray; per AR 840-10; heraldic specification TIOH.",Military Intelligence Corps,EA,113.02,4,45,3SRF2;5KSB9;4TRD6;9CST0,AR 840-10,Yes,8345,00-260-1721
9326642B68343C054777350CE76CDB31,966,,04/08/2008 07:56:07,03/11/2014 14:58:30,CN=Ret Hamlin/OU=CHPSID/O=TACOM,,8345-00-845-3882,"Guidon, Adjutant General's Corps, 20 in x 27-3/4 in, dark blue and scarlet",Guidon,"Guidon, Adjutant General's Corps, 20 in x 27-3/4 in, dark blue and scarlet; per AR 840-10; heraldic specification TIOH.",Adjutant General's Corps,EA,134.63,4,45,3SRF2;5KSB9;4TRD6;9CST0,AR 840-10,Yes,8345,00-845-3882
96601C4BA97F063272C197AA42A2A615,96A,,03/16/2009 12:13:15,12/27/2009 13:55:24,CN=Theodore Blankenship/OU=TroopSupport/O=DLA,,8345-01-997-4664,"Guidon, Finance Corps, 20 in x 27-3/4 in, silver gray and golden yellow",Guidon,"Guidon, Finance Corps, 20 in x 27-3/4 in, silver gray and golden yellow; per AR 840-10; heraldic specification TIOH.",Finance Corps,EA,94.30,4,45,3SRF2;5KSB9;4TRD6;9CST0,AR 840-10,Yes,8345,01-997-4664
EE62A55A25A41F49D52276BFD76663DD,96E,,09/04/2006 07:11:29,06/01/2026 07:51:40,CN=Dwayne Petrakis/OU=CHPSID/O=TACOM,,8345-01-577-2141,"Guidon, Special Forces, 20 in x 27-3/4 in, teal blue",Guidon,"Guidon, Special Forces, 20 in x 27-3/4 in, teal blue; per AR 840-10; heraldic specification TIOH.",Special Forces,EA,86.45,4,45,3SRF2;5KSB9;4TRD6;9CST0,AR 840-10,Yes,8345,01-577-2141
57CD9A1D39C2D5EB7715DBFEB61FA948,972,,12/14/2005 12:49:52,09/27/2024 08:55:44,CN=Dwayne Petrakis/OU=CHPSID/O=TACOM,,8345-00-553-8503,"Guidon, Civil Affairs, 20 in x 27-3/4 in, purple and white",Guidon,"Guidon, Civil Affairs, 20 in x 27-3/4 in, purple and white; per AR 840-10; heraldic specification TIOH.",Civil Affairs,EA,115.97,4,45,3SRF2;5KSB9;4TRD6;9CST0,AR 840-10,Yes,8345,00-553-8503
1109A0E47F84BE6A0DF5AB76BE197552,976,,10/11/2009 15:21:53,01/16/2015 17:13:35,CN=Theodore Blankenship/OU=TroopSupport/O=DLA,,8345-01-483-9325,"Guidon, Psychological Operations, 20 in x 27-3/4 in, bottle green and silver gray",Guidon,"Guidon, Psychological Operations, 20 in x 27-3/4 in, bottle green and silver gray; per AR 840-10; heraldic specification TIOH.",Psychological Operations,EA,61.96,4,45,3SRF2;5KSB9;4TRD6;9CST0,AR 840-10,Yes,8345,01-483-9325
B4E6E1C652E1E73249EB9C7FD1413C26,97A,,09/04/2009 10:41:14,03/24/2010 07:02:15,CN=Dwayne Petrakis/OU=CHPSID/O=TACOM,,8345-00-506-7829,"Flag, Distinguishing, Army Corps Headquarters, 3 ft x 4 ft",Distinguishing Flag,"Flag, Distinguishing, Army Corps Headquarters, 3 ft x 4 ft; per AR 840-10; heraldic specification TIOH.",Army,EA,326.85,2,60,1CLR7;3SRF2;7GRN1;6HRT3,AR 840-10,Yes,8345,00-506-7829
EB3869DC02D3BAEE1521DEB750626287,97E,,06/26/2011 17:29:54,12/20/2016 11:44:59,CN=Dwayne Petrakis/OU=CHPSID/O=TACOM,,8345-00-996-7721,"Flag, Distinguishing, Division Headquarters, 3 ft x 4 ft",Distinguishing Flag,"Flag, Distinguishing, Division Headquarters, 3 ft x 4 ft; per AR 840-10; heraldic specification TIOH.",Army,EA,410.67,2,60,1CLR7;3SRF2;7GRN1;6HRT3,AR 840-10,Yes,8345,00-996-7721
638956229BBB27D186E60EB00DF94C12,982,,11/02/2011 08:19:13,06/06/2016 11:13:28,CN=Dwayne Petrakis/OU=CHPSID/O=TACOM,,8345-01-702-7997,"Flag, Distinguishing, Brigade Combat Team Headquarters, 3 ft x 4 ft",Distinguishing Flag,"Flag, Distinguishing, Brigade Combat Team Headquarters, 3 ft x 4 ft; per AR 840-10; heraldic specification TIOH.",Army,EA,277.28,2,60,1CLR7;3SRF2;7GRN1;6HRT3,AR 840-10,Yes,8345,01-702-7997
AF062F485ABA2E2138A6219A5F5D54D9,986,,10/13/2009 10:26:29,05/18/2021 13:37:14,CN=Theodore Blankenship/OU=TroopSupport/O=DLA,,8345-01-146-1107,"Flag, Distinguishing, Separate Brigade, 3 ft x 4 ft",Distinguishing Flag,"Flag, Distinguishing, Separate Brigade, 3 ft x 4 ft; per AR 840-10; heraldic specification TIOH.",Army,EA,402.93,2,60,1CLR7;3SRF2;7GRN1;6HRT3,AR 840-10,Yes,8345,01-146-1107
59B18A617E2057DF6A6F2AAAD9174BCC,98A,,01/19/2006 11:25:59,10/21/2012 07:43:59,CN=Ret Hamlin/OU=CHPSID/O=TACOM,,8345-01-807-9899,"Flag, Distinguishing, Battalion Headquarters (Infantry), 3 ft x 4 ft",Distinguishing Flag,"Flag, Distinguishing, Battalion Headquarters (Infantry), 3 ft x 4 ft; per AR 840-10; heraldic specification TIOH.",Army,EA,302.23,2,60,1CLR7;3SRF2;7GRN1;6HRT3,AR 840-10,Yes,8345,01-807-9899
844AD65C22D24EE2D9849050F9FFFBE3,98E,,03/21/2011 12:04:08,06/22/2015 10:15:18,CN=Ret Hamlin/OU=CHPSID/O=TACOM,,8345-00-642-7289,"Flag, Distinguishing, Battalion Headquarters (Armor), 3 ft x 4 ft",Distinguishing Flag,"Flag, Distinguishing, Battalion Headquarters (Armor), 3 ft x 4 ft; per AR 840-10; heraldic specification TIOH.",Army,EA,406.10,2,60,1CLR7;3SRF2;7GRN1;6HRT3,AR 840-10,Yes,8345,00-642-7289
3774836E7EEC94C7A27D54DDDDC86E3F,992,,05/10/2011 15:35:48,12/25/2019 09:20:54,CN=Theodore Blankenship/OU=TroopSupport/O=DLA,,8345-00-514-1071,"Flag, Distinguishing, Battalion Headquarters (Field Artillery), 3 ft x 4 ft",Distinguishing Flag,"Flag, Distinguishing, Battalion Headquarters (Field Artillery), 3 ft x 4 ft; per AR 840-10; heraldic specification TIOH.",Army,EA,248.52,2,60,1CLR7;3SRF2;7GRN1;6HRT3,AR 840-10,Yes,8345,00-514-1071
15F95EA7527A1641F6A274F1C33F8FBD,996,,05/07/2004 12:29:41,11/14/2005 08:06:26,CN=Dwayne Petrakis/OU=CHPSID/O=TACOM,,8345-00-706-9345,"Flag, Distinguishing, Battalion Headquarters (Aviation), 3 ft x 4 ft",Distinguishing Flag,"Flag, Distinguishing, Battalion Headquarters (Aviation), 3 ft x 4 ft; per AR 840-10; heraldic specification TIOH.",Army,EA,197.93,2,60,1CLR7;3SRF2;7GRN1;6HRT3,AR 840-10,Yes,8345,00-706-9345
D29691B000402504B61097D4C567B434,99A,,12/13/2007 07:02:16,10/31/2015 15:19:31,CN=Dwayne Petrakis/OU=CHPSID/O=TACOM,,8345-00-571-3479,"Flag, Distinguishing, Battalion Headquarters (Engineer), 3 ft x 4 ft",Distinguishing Flag,"Flag, Distinguishing, Battalion Headquarters (Engineer), 3 ft x 4 ft; per AR 840-10; heraldic specification TIOH.",Army,EA,291.07,2,60,1CLR7;3SRF2;7GRN1;6HRT3,AR 840-10,Yes,8345,00-571-3479
147E9685B03EB557DD881B674F9B8CEC,99E,,06/19/2004 07:54:24,12/23/2007 16:00:45,CN=Ret Hamlin/OU=CHPSID/O=TACOM,,8345-00-458-4744,"Flag, Distinguishing, Battalion Headquarters (Signal), 3 ft x 4 ft",Distinguishing Flag,"Flag, Distinguishing, Battalion Headquarters (Signal), 3 ft x 4 ft; per AR 840-10; heraldic specification TIOH.",Army,EA,204.75,2,60,1CLR7;3SRF2;7GRN1;6HRT3,AR 840-10,Yes,8345,00-458-4744
E149459C4EEC03524B470A68C5070B2F,9A2,,04/11/2006 16:31:34,05/15/2024 07:32:23,CN=Theodore Blankenship/OU=TroopSupport/O=DLA,,8345-01-996-9466,"Flag, Distinguishing, Battalion Headquarters (Sustainment), 3 ft x 4 ft",Distinguishing Flag,"Flag, Distinguishing, Battalion Headquarters (Sustainment), 3 ft x 4 ft; per AR 840-10; heraldic specification TIOH.",Army,EA,334.73,2,60,1CLR7;3SRF2;7GRN1;6HRT3,AR 840-10,Yes,8345,01-996-9466
7EE2DA7A8AAC3E3721BB6B0D10C102E4,9A6,,09/20/2012 08:18:31,06/04/2014 16:43:26,CN=Lorraine Whitcombe/OU=CHPSID/O=TACOM,,8345-01-155-1875,"Flag, Distinguishing, Battalion Headquarters (Military Police), 3 ft x 4 ft",Distinguishing Flag,"Flag, Distinguishing, Battalion Headquarters (Military Police), 3 ft x 4 ft; per AR 840-10; heraldic specification TIOH.",Army,EA,187.42,2,60,1CLR7;3SRF2;7GRN1;6HRT3,AR 840-10,Yes,8345,01-155-1875
E51A025F793F9D88834D50358D549670,9AA,,03/24/2004 14:33:27,03/15/2022 09:03:38,CN=Dwayne Petrakis/OU=CHPSID/O=TACOM,,8345-00-772-6102,"Flag, Distinguishing, Army Service Component Command, 3 ft x 4 ft",Distinguishing Flag,"Flag, Distinguishing, Army Service Component Command, 3 ft x 4 ft; per AR 840-10; heraldic specification TIOH.",Army,EA,263.39,2,60,1CLR7;3SRF2;7GRN1;6HRT3,AR 840-10,Yes,8345,00-772-6102
F4DCA3DADE17FE784CA504DA5F35A08D,9AE,,08/08/2005 07:43:08,06/29/2007 08:50:42,CN=Theodore Blankenship/OU=TroopSupport/O=DLA,,8345-00-646-7594,"Flag, Distinguishing, Direct Reporting Unit, 3 ft x 4 ft",Distinguishing Flag,"Flag, Distinguishing, Direct Reporting Unit, 3 ft x 4 ft; per AR 840-10; heraldic specification TIOH.",Army,EA,229.44,2,60,1CLR7;3SRF2;7GRN1;6HRT3,AR 840-10,Yes,8345,00-646-7594
3F50CE7AC6C86FB014DE35FD499AB6C1,9B2,,06/27/2007 07:50:57,05/31/2018 11:25:59,CN=Lorraine Whitcombe/OU=CHPSID/O=TACOM,,8345-00-137-4639,"Flag, Distinguishing, Army Command Headquarters, 3 ft x 4 ft",Distinguishing Flag,"Flag, Distinguishing, Army Command Headquarters, 3 ft x 4 ft; per AR 840-10; heraldic specification TIOH.",Army,EA,257.23,2,60,1CLR7;3SRF2;7GRN1;6HRT3,AR 840-10,Yes,8345,00-137-4639
0755592769C04A53398ED68654DDFB52,9B6,,10/18/2012 07:18:40,04/11/2024 11:20:36,CN=Dwayne Petrakis/OU=CHPSID/O=TACOM,,8345-00-144-4967,"Flag, Distinguishing, Training Center, 3 ft x 4 ft",Distinguishing Flag,"Flag, Distinguishing, Training Center, 3 ft x 4 ft; per AR 840-10; heraldic specification TIOH.",Army,EA,371.46,2,60,1CLR7;3SRF2;7GRN1;6HRT3,AR 840-10,Yes,8345,00-144-4967
0936155225262179F99F82A9314D5544,9BA,,12/23/2012 08:13:20,03/01/2015 08:48:32,CN=Dwayne Petrakis/OU=CHPSID/O=TACOM,,8345-00-445-8325,"Flag, Distinguishing, Army Medical Center, 3 ft x 4 ft",Distinguishing Flag,"Flag, Distinguishing, Army Medical Center, 3 ft x 4 ft; per AR 840-10; heraldic specification TIOH.",Army,EA,249.90,2,60,1CLR7;3SRF2;7GRN1;6HRT3,AR 840-10,Yes,8345,00-445-8325
F0F4EF764DA7DC5A457B8E2D4B80DE28,9BE,,07/16/2012 15:08:58,05/08/2019 11:56:57,CN=Lorraine Whitcombe/OU=CHPSID/O=TACOM,,8345-01-952-3720,"Flag, Distinguishing, Army Depot, 3 ft x 4 ft",Distinguishing Flag,"Flag, Distinguishing, Army Depot, 3 ft x 4 ft; per AR 840-10; heraldic specification TIOH.",Army,EA,312.37,2,60,1CLR7;3SRF2;7GRN1;6HRT3,AR 840-10,Yes,8345,01-952-3720
30C8FDE7373B56BCB42C509EB609E63B,9C2,,12/11/2006 15:20:08,06/25/2026 10:05:04,CN=Theodore Blankenship/OU=TroopSupport/O=DLA,,8345-00-354-9165,"Flag, Distinguishing, Arsenal, 3 ft x 4 ft",Distinguishing Flag,"Flag, Distinguishing, Arsenal, 3 ft x 4 ft; per AR 840-10; heraldic specification TIOH.",Army,EA,355.86,2,60,1CLR7;3SRF2;7GRN1;6HRT3,AR 840-10,Yes,8345,00-354-9165
8966670C34B107CA741605FA373A9446,9C6,,04/14/2012 11:08:02,07/20/2013 11:56:12,CN=Ret Hamlin/OU=CHPSID/O=TACOM,,8345-00-703-3355,"Flag, Distinguishing, Army Reserve Readiness Division, 3 ft x 4 ft",Distinguishing Flag,"Flag, Distinguishing, Army Reserve Readiness Division, 3 ft x 4 ft; per AR 840-10; heraldic specification TIOH.",Army,EA,356.83,2,60,1CLR7;3SRF2;7GRN1;6HRT3,AR 840-10,No,8345,00-703-3355
37C3D0BA7A5C421874249D2F4161BEF7,9CA,,04/24/2005 11:21:36,05/16/2023 07:04:30,CN=Lorraine Whitcombe/OU=CHPSID/O=TACOM,,8345-00-567-5736,"Color, Organizational, Infantry Regiment, 3 ft x 4 ft, embroidered",Organizational Colors,"Color, Organizational, Infantry Regiment, 3 ft x 4 ft, embroidered; per AR 840-10; heraldic specification TIOH.",Army,EA,1243.39,1,120,1CLR7;0PLE4;4TRD6;2MDW7,AR 840-10,Yes,8345,00-567-5736
33076CD8D65C6272CBBA96094BA8E8F7,9CE,,01/04/2005 17:04:11,12/16/2025 13:53:21,CN=Lorraine Whitcombe/OU=CHPSID/O=TACOM,,8345-01-698-6876,"Color, Organizational, Armor Regiment, 3 ft x 4 ft, embroidered",Organizational Colors,"Color, Organizational, Armor Regiment, 3 ft x 4 ft, embroidered; per AR 840-10; heraldic specification TIOH.",Army,EA,1308.03,1,120,1CLR7;0PLE4;4TRD6;2MDW7,AR 840-10,Yes,8345,01-698-6876
02466A3A5E0FADB7424BF2DD34AF046E,9D2,,01/03/2010 11:47:18,05/03/2014 07:18:46,CN=Theodore Blankenship/OU=TroopSupport/O=DLA,,8345-00-717-2145,"Color, Organizational, Cavalry Regiment, 3 ft x 4 ft, embroidered",Organizational Colors,"Color, Organizational, Cavalry Regiment, 3 ft x 4 ft, embroidered; per AR 840-10; heraldic specification TIOH.",Army,EA,1015.33,1,120,1CLR7;0PLE4;4TRD6;2MDW7,AR 840-10,Yes,8345,00-717-2145
C93A6F0530ED5F3D036F78D5D6CD0F57,9D6,,01/02/2008 07:22:07,08/20/2020 16:33:19,CN=Theodore Blankenship/OU=TroopSupport/O=DLA,,8345-01-577-8437,"Color, Organizational, Field Artillery Regiment, 3 ft x 4 ft, embroidered",Organizational Colors,"Color, Organizational, Field Artillery Regiment, 3 ft x 4 ft, embroidered; per AR 840-10; heraldic specification TIOH.",Army,EA,1955.07,1,120,1CLR7;0PLE4;4TRD6;2MDW7,AR 840-10,Yes,8345,01-577-8437
2A61E065E43C84188A0F9BB2C4A2085B,9DA,,04/28/2007 15:08:10,10/30/2014 13:03:14,CN=Ret Hamlin/OU=CHPSID/O=TACOM,,8345-01-904-7619,"Color, Organizational, Air Defense Artillery Regiment, 3 ft x 4 ft, embroidered",Organizational Colors,"Color, Organizational, Air Defense Artillery Regiment, 3 ft x 4 ft, embroidered; per AR 840-10; heraldic specification TIOH.",Army,EA,2146.22,1,120,1CLR7;0PLE4;4TRD6;2MDW7,AR 840-10,Yes,8345,01-904-7619
1D17ED6FDF46E0D4860428080AAEBA5B,9DE,,08/10/2004 14:56:23,06/25/2025 12:56:10,CN=Theodore Blankenship/OU=TroopSupport/O=DLA,,8345-00-967-4577,"Color, Organizational, Aviation Regiment, 3 ft x 4 ft, embroidered",Organizational Colors,"Color, Organizational, Aviation Regiment, 3 ft x 4 ft, embroidered; per AR 840-10; heraldic specification TIOH.",Army,EA,1534.63,1,120,1CLR7;0PLE4;4TRD6;2MDW7,AR 840-10,Yes,8345,00-967-4577
EE673270ED07949FD793B56A30BE2667,9E2,,05/18/2011 14:24:17,07/23/2025 14:45:22,CN=Theodore Blankenship/OU=TroopSupport/O=DLA,,8345-01-524-1061,"Color, Organizational, Engineer Battalion, 3 ft x 4 ft, embroidered",Organizational Colors,"Color, Organizational, Engineer Battalion, 3 ft x 4 ft, embroidered; per AR 840-10; heraldic specification TIOH.",Army,EA,1710.44,1,120,1CLR7;0PLE4;4TRD6;2MDW7,AR 840-10,Yes,8345,01-524-1061
A5F46ACA762E1D437D70B90256FF0249,9E6,,10/19/2005 16:28:52,02/19/2007 12:29:15,CN=Lorraine Whitcombe/OU=CHPSID/O=TACOM,,8345-00-916-5301,"Color, Organizational, Signal Battalion, 3 ft x 4 ft, embroidered",Organizational Colors,"Color, Organizational, Signal Battalion, 3 ft x 4 ft, embroidered; per AR 840-10; heraldic specification TIOH.",Army,EA,1959.54,1,120,1CLR7;0PLE4;4TRD6;2MDW7,AR 840-10,Yes,8345,00-916-5301
A06F01213CA5EE5A4153E21940A1784C,9EA,,01/21/2008 07:32:25,03/04/2026 12:44:13,CN=Dwayne Petrakis/OU=CHPSID/O=TACOM,,8345-00-457-8004,"Color, Organizational, Military Police Battalion, 3 ft x 4 ft, embroidered",Organizational Colors,"Color, Organizational, Military Police Battalion, 3 ft x 4 ft, embroidered; per AR 840-10; heraldic specification TIOH.",Army,EA,1789.91,1,120,1CLR7;0PLE4;4TRD6;2MDW7,AR 840-10,Yes,8345,00-457-8004
912A53FB7C21F14A06BE94DF3DB15187,9EE,,09/06/2005 11:27:32,08/02/2006 11:41:24,CN=Dwayne Petrakis/OU=CHPSID/O=TACOM,,8345-00-333-8230,"Color, Organizational, Medical Battalion, 3 ft x 4 ft, embroidered",Organizational Colors,"Color, Organizational, Medical Battalion, 3 ft x 4 ft, embroidered; per AR 840-10; heraldic specification TIOH.",Army,EA,2287.26,1,120,1CLR7;0PLE4;4TRD6;2MDW7,AR 840-10,Yes,8345,00-333-8230
BF6AEB0C33C55CA84F661E53092BA617,9F2,,08/30/2011 09:57:39,01/04/2014 08:43:47,CN=Theodore Blankenship/OU=TroopSupport/O=DLA,,8345-01-576-1393,"Color, Organizational, Ordnance Battalion, 3 ft x 4 ft, embroidered",Organizational Colors,"Color, Organizational, Ordnance Battalion, 3 ft x 4 ft, embroidered; per AR 840-10; heraldic specification TIOH.",Army,EA,2069.12,1,120,1CLR7;0PLE4;4TRD6;2MDW7,AR 840-10,Yes,8345,01-576-1393
18DA93C2C98695F7DE57F6A8299BB3D4,9F6,,04/03/2007 15:50:28,11/24/2017 12:52:51,CN=Lorraine Whitcombe/OU=CHPSID/O=TACOM,,8345-00-540-2605,"Color, Organizational, Quartermaster Battalion, 3 ft x 4 ft, embroidered",Organizational Colors,"Color, Organizational, Quartermaster Battalion, 3 ft x 4 ft, embroidered; per AR 840-10; heraldic specification TIOH.",Army,EA,1498.90,1,120,1CLR7;0PLE4;4TRD6;2MDW7,AR 840-10,No,8345,00-540-2605
87757369AAFE6C3D90ECFBDDFF1FEA58,9FA,,05/13/2007 14:04:15,03/01/2009 16:01:41,CN=Ret Hamlin/OU=CHPSID/O=TACOM,,8345-00-323-9139,"Color, Organizational, Transportation Battalion, 3 ft x 4 ft, embroidered",Organizational Colors,"Color, Organizational, Transportation Battalion, 3 ft x 4 ft, embroidered; per AR 840-10; heraldic specification TIOH.",Army,EA,1704.90,1,120,1CLR7;0PLE4;4TRD6;2MDW7,AR 840-10,Yes,8345,00-323-9139
9EFC0B2BB067579FC339A0CCDDEAE768,9FE,,01/03/2009 15:00:44,04/05/2009 08:55:10,CN=Lorraine Whitcombe/OU=CHPSID/O=TACOM,,8345-01-403-8855,"Color, Organizational, Special Forces Group, 3 ft x 4 ft, embroidered",Organizational Colors,"Color, Organizational, Special Forces Group, 3 ft x 4 ft, embroidered; per AR 840-10; heraldic specification TIOH.",Army,EA,1644.12,1,120,1CLR7;0PLE4;4TRD6;2MDW7,AR 840-10,Yes,8345,01-403-8855
F2D02177E9A9832469A777F73AADDA3F,A02,,06/07/2007 11:40:10,11/15/2008 08:30:47,CN=Theodore Blankenship/OU=TroopSupport/O=DLA,,8345-00-393-3710,"Color, Organizational, Ranger Regiment, 3 ft x 4 ft, embroidered",Organizational Colors,"Color, Organizational, Ranger Regiment, 3 ft x 4 ft, embroidered; per AR 840-10; heraldic specification TIOH.",Army,EA,1494.20,1,120,1CLR7;0PLE4;4TRD6;2MDW7,AR 840-10,Yes,8345,00-393-3710
005F118F33680F6F47B62BE9583535BB,A06,,09/11/2010 10:31:22,02/09/2012 10:20:52,CN=Ret Hamlin/OU=CHPSID/O=TACOM,,8345-01-740-6766,"Streamer, Campaign, World War II, Normandy",Streamer,"Streamer, Campaign, World War II, Normandy; per AR 840-10 / CMH lineage; heraldic specification TIOH.",Army,EA,30.77,6,30,3SRF2;5KSB9;6HRT3;1PRQ2,AR 840-10 / CMH lineage,Yes,8345,01-740-6766
B8C0244F569D1C570E85B6F689DBD590,A0A,,01/25/2006 10:24:21,03/19/2017 07:19:17,CN=Theodore Blankenship/OU=TroopSupport/O=DLA,,8345-01-644-9466,"Streamer, Campaign, World War II, Northern France",Streamer,"Streamer, Campaign, World War II, Northern France; per AR 840-10 / CMH lineage; heraldic specification TIOH.",Army,EA,46.95,6,30,3SRF2;5KSB9;6HRT3;1PRQ2,AR 840-10 / CMH lineage,Yes,8345,01-644-9466
BD0DBFC0AD204235508E8839109BC364,A0E,,04/19/2005 17:41:18,06/02/2011 13:14:36,CN=Ret Hamlin/OU=CHPSID/O=TACOM,,8345-01-249-1961,"Streamer, Campaign, World War II, Rhineland",Streamer,"Streamer, Campaign, World War II, Rhineland; per AR 840-10 / CMH lineage; heraldic specification TIOH.",Army,EA,29.32,6,30,3SRF2;5KSB9;6HRT3;1PRQ2,AR 840-10 / CMH lineage,Yes,8345,01-249-1961
60C2DEAF80438132A96A02098A73220C,A12,,12/04/2008 16:30:32,06/16/2019 13:51:01,CN=Theodore Blankenship/OU=TroopSupport/O=DLA,,8345-00-230-8673,"Streamer, Campaign, World War II, Ardennes-Alsace",Streamer,"Streamer, Campaign, World War II, Ardennes-Alsace; per AR 840-10 / CMH lineage; heraldic specification TIOH.",Army,EA,46.65,6,30,3SRF2;5KSB9;6HRT3;1PRQ2,AR 840-10 / CMH lineage,Yes,8345,00-230-8673
1A9447E14E2DCD0B6F047DBD3B5C5D94,A16,,05/24/2011 08:19:54,01/01/2026 15:49:35,CN=Ret Hamlin/OU=CHPSID/O=TACOM,,8345-00-653-4234,"Streamer, Campaign, World War II, Central Europe",Streamer,"Streamer, Campaign, World War II, Central Europe; per AR 840-10 / CMH lineage; heraldic specification TIOH.",Army,EA,40.60,6,30,3SRF2;5KSB9;6HRT3;1PRQ2,AR 840-10 / CMH lineage,Yes,8345,00-653-4234
9CFAAFEA1762E960D7638BED5ED15607,A1A,,10/28/2009 15:35:50,02/17/2026 17:56:38,CN=Dwayne Petrakis/OU=CHPSID/O=TACOM,,8345-01-823-1505,"Streamer, Campaign, World War II, Sicily",Streamer,"Streamer, Campaign, World War II, Sicily; per AR 840-10 / CMH lineage; heraldic specification TIOH.",Army,EA,50.45,6,30,3SRF2;5KSB9;6HRT3;1PRQ2,AR 840-10 / CMH lineage,Yes,8345,01-823-1505
128C3B605FD4663FB4E429EC10FB22CB,A1E,,07/22/2006 09:11:46,05/08/2007 16:56:11,CN=Dwayne Petrakis/OU=CHPSID/O=TACOM,,8345-01-614-9236,"Streamer, Campaign, World War II, Naples-Foggia",Streamer,"Streamer, Campaign, World War II, Naples-Foggia; per AR 840-10 / CMH lineage; heraldic specification TIOH.",Army,EA,47.03,6,30,3SRF2;5KSB9;6HRT3;1PRQ2,AR 840-10 / CMH lineage,Yes,8345,01-614-9236
055BDA9C498144800E7321CD8E98CF70,A22,,08/17/2009 12:26:57,10/03/2023 07:04:00,CN=Dwayne Petrakis/OU=CHPSID/O=TACOM,,8345-01-527-6897,"Streamer, Campaign, World War II, Anzio",Streamer,"Streamer, Campaign, World War II, Anzio; per AR 840-10 / CMH lineage; heraldic specification TIOH.",Army,EA,35.39,6,30,3SRF2;5KSB9;6HRT3;1PRQ2,AR 840-10 / CMH lineage,Yes,8345,01-527-6897
C3606A31C081A551443AEED683CE7D9F,A26,,03/26/2004 14:09:07,12/30/2015 15:31:52,CN=Ret Hamlin/OU=CHPSID/O=TACOM,,8345-00-449-8989,"Streamer, Campaign, Korean War, UN Defensive",Streamer,"Streamer, Campaign, Korean War, UN Defensive; per AR 840-10 / CMH lineage; heraldic specification TIOH.",Army,EA,30.98,6,30,3SRF2;5KSB9;6HRT3;1PRQ2,AR 840-10 / CMH lineage,Yes,8345,00-449-8989
385D4F2776ACAB8CB96D0CEC699C536C,A2A,,10/06/2008 16:36:44,12/03/2018 17:02:47,CN=Theodore Blankenship/OU=TroopSupport/O=DLA,,8345-01-315-3908,"Streamer, Campaign, Korean War, UN Offensive",Streamer,"Streamer, Campaign, Korean War, UN Offensive; per AR 840-10 / CMH lineage; heraldic specification TIOH.",Army,EA,53.83,6,30,3SRF2;5KSB9;6HRT3;1PRQ2,AR 840-10 / CMH lineage,No,8345,01-315-3908
4D023CB75641241EB9E5657B8AC698DF,A2E,,11/23/2005 09:37:57,07/03/2022 08:37:46,CN=Dwayne Petrakis/OU=CHPSID/O=TACOM,,8345-00-187-5505,"Streamer, Campaign, Korean War, CCF Intervention",Streamer,"Streamer, Campaign, Korean War, CCF Intervention; per AR 840-10 / CMH lineage; heraldic specification TIOH.",Army,EA,50.40,6,30,3SRF2;5KSB9;6HRT3;1PRQ2,AR 840-10 / CMH lineage,Yes,8345,00-187-5505
E87251EA1349F082B6C5526A61E91709,A32,,09/11/2012 09:57:58,04/12/2019 15:29:22,CN=Lorraine Whitcombe/OU=CHPSID/O=TACOM,,8345-01-448-4715,"Streamer, Campaign, Korean War, First UN Counteroffensive",Streamer,"Streamer, Campaign, Korean War, First UN Counteroffensive; per AR 840-10 / CMH lineage; heraldic specification TIOH.",Army,EA,50.71,6,30,3SRF2;5KSB9;6HRT3;1PRQ2,AR 840-10 / CMH lineage,Yes,8345,01-448-4715
32A6C7158C6F62A2632A6AA67C9DEDE1,A36,,11/30/2009 11:05:57,02/14/2024 07:00:21,CN=Theodore Blankenship/OU=TroopSupport/O=DLA,,8345-01-100-9656,"Streamer, Campaign, Korean War, CCF Spring Offensive",Streamer,"Streamer, Campaign, Korean War, CCF Spring Offensive; per AR 840-10 / CMH lineage; heraldic specification TIOH.",Army,EA,53.97,6,30,3SRF2;5KSB9;6HRT3;1PRQ2,AR 840-10 / CMH lineage,Yes,8345,01-100-9656
31F56A674344D261D3A71C49A409E053,A3A,,04/19/2005 15:06:58,04/12/2020 10:49:03,CN=Lorraine Whitcombe/OU=CHPSID/O=TACOM,,8345-00-770-2197,"Streamer, Campaign, Vietnam, Advisory",Streamer,"Streamer, Campaign, Vietnam, Advisory; per AR 840-10 / CMH lineage; heraldic specification TIOH.",Army,EA,52.90,6,30,3SRF2;5KSB9;6HRT3;1PRQ2,AR 840-10 / CMH lineage,Yes,8345,00-770-2197
656F663E82316EAE3B1F3C703A198441,A3E,,11/23/2005 14:14:06,02/02/2014 12:34:00,CN=Ret Hamlin/OU=CHPSID/O=TACOM,,8345-01-248-8413,"Streamer, Campaign, Vietnam, Defense",Streamer,"Streamer, Campaign, Vietnam, Defense; per AR 840-10 / CMH lineage; heraldic specification TIOH.",Army,EA,46.63,6,30,3SRF2;5KSB9;6HRT3;1PRQ2,AR 840-10 / CMH lineage,Yes,8345,01-248-8413
148A0C0734C018D3B0F49A0205B4826D,A42,,10/25/2011 12:13:50,12/22/2022 11:40:22,CN=Ret Hamlin/OU=CHPSID/O=TACOM,,8345-00-389-2988,"Streamer, Campaign, Vietnam, Counteroffensive",Streamer,"Streamer, Campaign, Vietnam, Counteroffensive; per AR 840-10 / CMH lineage; heraldic specification TIOH.",Army,EA,49.69,6,30,3SRF2;5KSB9;6HRT3;1PRQ2,AR 840-10 / CMH lineage,Yes,8345,00-389-2988
BA4C89D44ED16491579D3C391389D2D2,A46,,10/05/2006 13:15:43,08/19/2010 13:54:59,CN=Ret Hamlin/OU=CHPSID/O=TACOM,,8345-00-615-7394,"Streamer, Campaign, Vietnam, Counteroffensive, Phase II",Streamer,"Streamer, Campaign, Vietnam, Counteroffensive, Phase II; per AR 840-10 / CMH lineage; heraldic specification TIOH.",Army,EA,29.30,6,30,3SRF2;5KSB9;6HRT3;1PRQ2,AR 840-10 / CMH lineage,Yes,8345,00-615-7394
BF1D0A90DE0AB96D6E898ABF7003A17E,A4A,,10/15/2007 15:04:15,10/19/2024 10:40:55,CN=Lorraine Whitcombe/OU=CHPSID/O=TACOM,,8345-01-168-3771,"Streamer, Campaign, Vietnam, Counteroffensive, Phase III",Streamer,"Streamer, Campaign, Vietnam, Counteroffensive, Phase III; per AR 840-10 / CMH lineage; heraldic specification TIOH.",Army,EA,47.17,6,30,3SRF2;5KSB9;6HRT3;1PRQ2,AR 840-10 / CMH lineage,Yes,8345,01-168-3771
064A07AC3678F37D42278D6B7A7FA002,A4E,,10/19/2004 08:51:18,05/19/2011 07:25:43,CN=Dwayne Petrakis/OU=CHPSID/O=TACOM,,8345-01-562-1412,"Streamer, Campaign, Vietnam, Tet Counteroffensive",Streamer,"Streamer, Campaign, Vietnam, Tet Counteroffensive; per AR 840-10 / CMH lineage; heraldic specification TIOH.",Army,EA,32.86,6,30,3SRF2;5KSB9;6HRT3;1PRQ2,AR 840-10 / CMH lineage,Yes,8345,01-562-1412
E450FE7B8689A833319D4504D4C5A613,A52,,05/09/2009 17:34:00,07/15/2018 12:14:15,CN=Theodore Blankenship/OU=TroopSupport/O=DLA,,8345-01-592-4253,"Streamer, Campaign, Vietnam, Counteroffensive, Phase IV",Streamer,"Streamer, Campaign, Vietnam, Counteroffensive, Phase IV; per AR 840-10 / CMH lineage; heraldic specification TIOH.",Army,EA,42.13,6,30,3SRF2;5KSB9;6HRT3;1PRQ2,AR 840-10 / CMH lineage,Yes,8345,01-592-4253
A7163BDAFD6C5F934C05F0A8075BE263,A56,,08/18/2012 12:40:55,02/27/2018 13:06:32,CN=Ret Hamlin/OU=CHPSID/O=TACOM,,8345-01-211-4707,"Streamer, Campaign, Vietnam, Counteroffensive, Phase V",Streamer,"Streamer, Campaign, Vietnam, Counteroffensive, Phase V; per AR 840-10 / CMH lineage; heraldic specification TIOH.",Army,EA,40.05,6,30,3SRF2;5KSB9;6HRT3;1PRQ2,AR 840-10 / CMH lineage,Yes,8345,01-211-4707
675B863A51E55DDE8B1F6285798731C0,A5A,,11/27/2011 15:26:27,07/17/2025 15:03:25,CN=Ret Hamlin/OU=CHPSID/O=TACOM,,8345-01-735-7641,"Streamer, Campaign, Southwest Asia, Defense of Saudi Arabia",Streamer,"Streamer, Campaign, Southwest Asia, Defense of Saudi Arabia; per AR 840-10 / CMH lineage; heraldic specification TIOH.",Army,EA,50.91,6,30,3SRF2;5KSB9;6HRT3;1PRQ2,AR 840-10 / CMH lineage,Yes,8345,01-735-7641
B1D61BCE58734E49067A05BE06BE28EE,A5E,,06/14/2005 11:08:52,06/01/2009 07:22:16,CN=Dwayne Petrakis/OU=CHPSID/O=TACOM,,8345-00-319-7679,"Streamer, Campaign, Southwest Asia, Liberation and Defense of Kuwait",Streamer,"Streamer, Campaign, Southwest Asia, Liberation and Defense of Kuwait; per AR 840-10 / CMH lineage; heraldic specification TIOH.",Army,EA,39.92,6,30,3SRF2;5KSB9;6HRT3;1PRQ2,AR 840-10 / CMH lineage,Yes,8345,00-319-7679
9B232CF27331B0DBED86062887608436,A62,,01/19/2011 16:53:56,02/11/2018 11:38:31,CN=Theodore Blankenship/OU=TroopSupport/O=DLA,,8345-01-512-1414,"Streamer, Campaign, Southwest Asia, Cease-Fire",Streamer,"Streamer, Campaign, Southwest Asia, Cease-Fire; per AR 840-10 / CMH lineage; heraldic specification TIOH.",Army,EA,43.41,6,30,3SRF2;5KSB9;6HRT3;1PRQ2,AR 840-10 / CMH lineage,Yes,8345,01-512-1414
E562BEB51B5728E6AE6C75896C30A5A2,A66,,09/02/2004 07:03:43,12/09/2010 17:26:52,CN=Dwayne Petrakis/OU=CHPSID/O=TACOM,,8345-00-448-1804,"Streamer, Campaign, Iraq, Liberation of Iraq",Streamer,"Streamer, Campaign, Iraq, Liberation of Iraq; per AR 840-10 / CMH lineage; heraldic specification TIOH.",Army,EA,50.40,6,30,3SRF2;5KSB9;6HRT3;1PRQ2,AR 840-10 / CMH lineage,Yes,8345,00-448-1804
6ABE83C5979D3E0E80406BACE7026C66,A6A,,12/20/2008 15:00:02,02/05/2015 07:53:50,CN=Dwayne Petrakis/OU=CHPSID/O=TACOM,,8345-00-921-3168,"Streamer, Campaign, Iraq, Transition of Iraq",Streamer,"Streamer, Campaign, Iraq, Transition of Iraq; per AR 840-10 / CMH lineage; heraldic specification TIOH.",Army,EA,30.62,6,30,3SRF2;5KSB9;6HRT3;1PRQ2,AR 840-10 / CMH lineage,Yes,8345,00-921-3168
7070BFEF6F37467915F90CAAD5609854,A6E,,04/08/2011 17:24:00,06/14/2024 07:33:02,CN=Theodore Blankenship/OU=TroopSupport/O=DLA,,8345-01-873-8209,"Streamer, Campaign, Iraq, Iraqi Governance",Streamer,"Streamer, Campaign, Iraq, Iraqi Governance; per AR 840-10 / CMH lineage; heraldic specification TIOH.",Army,EA,31.01,6,30,3SRF2;5KSB9;6HRT3;1PRQ2,AR 840-10 / CMH lineage,Yes,8345,01-873-8209
49A38874A7D4CAFB902C9A6E584A3E0D,A72,,09/25/2010 13:08:55,12/16/2019 16:07:30,CN=Dwayne Petrakis/OU=CHPSID/O=TACOM,,8345-00-931-9093,"Streamer, Campaign, Afghanistan, Liberation of Afghanistan",Streamer,"Streamer, Campaign, Afghanistan, Liberation of Afghanistan; per AR 840-10 / CMH lineage; heraldic specification TIOH.",Army,EA,49.16,6,30,3SRF2;5KSB9;6HRT3;1PRQ2,AR 840-10 / CMH lineage,Yes,8345,00-931-9093
678DF2C026057B181144050655B36F07,A76,,12/11/2009 13:41:26,10/22/2022 15:07:01,CN=Lorraine Whitcombe/OU=CHPSID/O=TACOM,,8345-00-969-8573,"Streamer, Campaign, Afghanistan, Consolidation I",Streamer,"Streamer, Campaign, Afghanistan, Consolidation I; per AR 840-10 / CMH lineage; heraldic specification TIOH.",Army,EA,40.00,6,30,3SRF2;5KSB9;6HRT3;1PRQ2,AR 840-10 / CMH lineage,Yes,8345,00-969-8573
06ED7C9B5C1E81DC39268B20DB956295,A7A,,03/26/2007 13:13:45,07/24/2012 17:39:51,CN=Dwayne Petrakis/OU=CHPSID/O=TACOM,,8345-00-475-3038,"Streamer, Campaign, Afghanistan, Consolidation II",Streamer,"Streamer, Campaign, Afghanistan, Consolidation II; per AR 840-10 / CMH lineage; heraldic specification TIOH.",Army,EA,47.80,6,30,3SRF2;5KSB9;6HRT3;1PRQ2,AR 840-10 / CMH lineage,Yes,8345,00-475-3038
1ADD785C8FFE28ECDC37B199F137EBC6,A7E,,07/18/2004 08:18:13,01/06/2006 09:58:26,CN=Dwayne Petrakis/OU=CHPSID/O=TACOM,,8345-00-750-5254,"Color, Positional, Secretary of the Army, 4 ft 4 in x 5 ft 6 in",Positional Color,"Color, Positional, Secretary of the Army, 4 ft 4 in x 5 ft 6 in; per AR 840-10; heraldic specification TIOH.",Army,EA,561.78,1,90,1CLR7;2VLY8,AR 840-10,Yes,8345,00-750-5254
CFAC9D3B6841BD1E6FD694DBC299AF0B,A82,,07/04/2005 16:16:59,08/24/2018 16:49:24,CN=Ret Hamlin/OU=CHPSID/O=TACOM,,8345-01-588-8830,"Color, Positional, Under Secretary of the Army, 4 ft 4 in x 5 ft 6 in",Positional Color,"Color, Positional, Under Secretary of the Army, 4 ft 4 in x 5 ft 6 in; per AR 840-10; heraldic specification TIOH.",Army,EA,710.81,1,90,1CLR7;2VLY8,AR 840-10,Yes,8345,01-588-8830
02FC8F283C796F27CD953DB490547F47,A86,,09/14/2011 16:26:03,12/08/2016 10:36:08,CN=Dwayne Petrakis/OU=CHPSID/O=TACOM,,8345-01-833-1103,"Color, Positional, Chief of Staff, Army, 4 ft 4 in x 5 ft 6 in",Positional Color,"Color, Positional, Chief of Staff, Army, 4 ft 4 in x 5 ft 6 in; per AR 840-10; heraldic specification TIOH.",Army,EA,958.19,1,90,1CLR7;2VLY8,AR 840-10,Yes,8345,01-833-1103
BB904DA44311DC7CD24427C22FF56156,A8A,,03/27/2012 11:55:32,04/25/2026 07:35:30,CN=Dwayne Petrakis/OU=CHPSID/O=TACOM,,8345-00-767-1534,"Color, Positional, Vice Chief of Staff, Army, 4 ft 4 in x 5 ft 6 in",Positional Color,"Color, Positional, Vice Chief of Staff, Army, 4 ft 4 in x 5 ft 6 in; per AR 840-10; heraldic specification TIOH.",Army,EA,796.40,1,90,1CLR7;2VLY8,AR 840-10,Yes,8345,00-767-1534
51BCE9B036E78F674451AF3FF3C34DC0,A8E,,05/03/2006 16:35:15,05/31/2023 17:01:31,CN=Ret Hamlin/OU=CHPSID/O=TACOM,,8345-00-366-6914,"Color, Positional, Sergeant Major of the Army, 4 ft 4 in x 5 ft 6 in",Positional Color,"Color, Positional, Sergeant Major of the Army, 4 ft 4 in x 5 ft 6 in; per AR 840-10; heraldic specification TIOH.",Army,EA,508.17,1,90,1CLR7;2VLY8,AR 840-10,Yes,8345,00-366-6914
3552C408EAFFE04BDD76CF4982E97229,A92,,06/15/2009 07:24:19,05/17/2025 09:43:17,CN=Lorraine Whitcombe/OU=CHPSID/O=TACOM,,8345-01-641-4974,"Color, Positional, General (4-star), 4 ft 4 in x 5 ft 6 in",Positional Color,"Color, Positional, General (4-star), 4 ft 4 in x 5 ft 6 in; per AR 840-10; heraldic specification TIOH.",Army,EA,559.26,1,90,1CLR7;2VLY8,AR 840-10,Yes,8345,01-641-4974
99C54060D8D614C94EE049F742C8C39A,A96,,12/01/2008 12:38:20,02/27/2026 15:54:09,CN=Ret Hamlin/OU=CHPSID/O=TACOM,,8345-01-144-6208,"Color, Positional, Lieutenant General (3-star), 4 ft 4 in x 5 ft 6 in",Positional Color,"Color, Positional, Lieutenant General (3-star), 4 ft 4 in x 5 ft 6 in; per AR 840-10; heraldic specification TIOH.",Army,EA,408.32,1,90,1CLR7;2VLY8,AR 840-10,Yes,8345,01-144-6208
9DB2DFC0912DA00388367A6B815A725C,A9A,,04/29/2004 12:36:51,05/23/2010 07:22:16,CN=Theodore Blankenship/OU=TroopSupport/O=DLA,,8345-01-785-8646,"Color, Positional, Major General (2-star), 4 ft 4 in x 5 ft 6 in",Positional Color,"Color, Positional, Major General (2-star), 4 ft 4 in x 5 ft 6 in; per AR 840-10; heraldic specification TIOH.",Army,EA,609.27,1,90,1CLR7;2VLY8,AR 840-10,Yes,8345,01-785-8646
F0234BCA2F05F50B72BB549CD5F6F425,A9E,,01/05/2008 17:21:25,01/12/2019 16:18:57,CN=Lorraine Whitcombe/OU=CHPSID/O=TACOM,,8345-01-320-9566,"Color, Positional, Brigadier General (1-star), 4 ft 4 in x 5 ft 6 in",Positional Color,"Color, Positional, Brigadier General (1-star), 4 ft 4 in x 5 ft 6 in; per AR 840-10; heraldic specification TIOH.",Army,EA,1058.26,1,90,1CLR7;2VLY8,AR 840-10,Yes,8345,01-320-9566
4B989BB3CD090D480F6E1B34D9D07B49,AA2,,10/23/2006 07:53:28,10/05/2008 13:14:35,CN=Theodore Blankenship/OU=TroopSupport/O=DLA,,8345-01-987-7584,"Color, Positional, Senior Executive Service, Tier 1, 4 ft 4 in x 5 ft 6 in",Positional Color,"Color, Positional, Senior Executive Service, Tier 1, 4 ft 4 in x 5 ft 6 in; per AR 840-10; heraldic specification TIOH.",Army,EA,847.69,1,90,1CLR7;2VLY8,AR 840-10,Yes,8345,01-987-7584
CC01F3B9415960C01F2B49F9ADED4A2A,AA6,,09/16/2009 16:18:01,05/16/2018 15:32:38,CN=Ret Hamlin/OU=CHPSID/O=TACOM,,8345-00-529-1433,"Flag, Automobile, General (4-star), 12 in x 18 in",Automobile Flag,"Flag, Automobile, General (4-star), 12 in x 18 in; per AR 840-10; heraldic specification TIOH.",Army,EA,79.82,2,45,7GRN1;2VLY8;9CST0,AR 840-10,Yes,8345,00-529-1433
668349580FED554701F096264C57875A,AAA,,06/23/2005 14:35:23,08/13/2010 10:52:04,CN=Theodore Blankenship/OU=TroopSupport/O=DLA,,8345-01-331-1768,"Flag, Automobile, Lieutenant General (3-star), 12 in x 18 in",Automobile Flag,"Flag, Automobile, Lieutenant General (3-star), 12 in x 18 in; per AR 840-10; heraldic specification TIOH.",Army,EA,68.02,2,45,7GRN1;2VLY8;9CST0,AR 840-10,Yes,8345,01-331-1768
7E68BFE069AFEB359FB4536B51E37A8A,AAE,,01/14/2012 08:52:55,07/11/2013 16:41:39,CN=Lorraine Whitcombe/OU=CHPSID/O=TACOM,,8345-00-809-7000,"Flag, Automobile, Major General (2-star), 12 in x 18 in",Automobile Flag,"Flag, Automobile, Major General (2-star), 12 in x 18 in; per AR 840-10; heraldic specification TIOH.",Army,EA,61.20,2,45,7GRN1;2VLY8;9CST0,AR 840-10,Yes,8345,00-809-7000
4DEC6D80BC3BFD2236BB8D8F1F76AC8F,AB2,,01/27/2009 13:55:24,05/20/2025 10:49:49,CN=Theodore Blankenship/OU=TroopSupport/O=DLA,,8345-01-335-1317,"Flag, Automobile, Brigadier General (1-star), 12 in x 18 in",Automobile Flag,"Flag, Automobile, Brigadier General (1-star), 12 in x 18 in; per AR 840-10; heraldic specification TIOH.",Army,EA,55.06,2,45,7GRN1;2VLY8;9CST0,AR 840-10,Yes,8345,01-335-1317
C9097DC572C35E7B35C0654AB46E8E78,AB6,,12/11/2005 10:16:00,11/04/2016 15:07:46,CN=Theodore Blankenship/OU=TroopSupport/O=DLA,,8345-01-805-4441,"Flag, Automobile, Secretary of the Army, 12 in x 18 in",Automobile Flag,"Flag, Automobile, Secretary of the Army, 12 in x 18 in; per AR 840-10; heraldic specification TIOH.",Army,EA,58.97,2,45,7GRN1;2VLY8;9CST0,AR 840-10,Yes,8345,01-805-4441
5E8FB91A2C819E5566DE3AF6DB963CC7,ABA,,07/13/2011 16:57:15,08/02/2023 15:01:12,CN=Ret Hamlin/OU=CHPSID/O=TACOM,,8345-00-733-9584,"Flag, Automobile, Chief of Staff, Army, 12 in x 18 in",Automobile Flag,"Flag, Automobile, Chief of Staff, Army, 12 in x 18 in; per AR 840-10; heraldic specification TIOH.",Army,EA,94.56,2,45,7GRN1;2VLY8;9CST0,AR 840-10,Yes,8345,00-733-9584
A6AB65713FB89D346988B881A83B0D98,ABE,,01/16/2009 15:25:52,09/22/2024 10:12:00,CN=Dwayne Petrakis/OU=CHPSID/O=TACOM,,8455-01-571-8103,"Shoulder Sleeve Insignia, 82nd Airborne Division",Insignia,"Shoulder Sleeve Insignia, 82nd Airborne Division; per AR 670-1 / TIOH; heraldic specification TIOH.",Army,EA,12.37,200,60,0PLE4;8BLU5;2MDW7,AR 670-1 / TIOH,Yes,8455,01-571-8103
EECEC29181375DDD45824510A7067532,AC2,,02/03/2011 12:20:57,05/21/2013 12:00:01,CN=Theodore Blankenship/OU=TroopSupport/O=DLA,,8455-01-805-9711,"Shoulder Sleeve Insignia, 101st Airborne Division",Insignia,"Shoulder Sleeve Insignia, 101st Airborne Division; per AR 670-1 / TIOH; heraldic specification TIOH.",Army,EA,6.60,200,60,0PLE4;8BLU5;2MDW7,AR 670-1 / TIOH,Yes,8455,01-805-9711
F890CEBC3F1F52495942162E36C445C2,AC6,,12/29/2012 15:27:25,05/24/2014 15:15:30,CN=Theodore Blankenship/OU=TroopSupport/O=DLA,,8455-01-758-6301,"Shoulder Sleeve Insignia, 1st Cavalry Division",Insignia,"Shoulder Sleeve Insignia, 1st Cavalry Division; per AR 670-1 / TIOH; heraldic specification TIOH.",Army,EA,14.83,200,60,0PLE4;8BLU5;2MDW7,AR 670-1 / TIOH,Yes,8455,01-758-6301
8F3BAA5EA4D1C58311BA37672DFEBC82,ACA,,02/04/2005 09:14:19,07/29/2006 14:24:13,CN=Theodore Blankenship/OU=TroopSupport/O=DLA,,8455-01-887-8836,"Shoulder Sleeve Insignia, 3rd Infantry Division",Insignia,"Shoulder Sleeve Insignia, 3rd Infantry Division; per AR 670-1 / TIOH; heraldic specification TIOH.",Army,EA,10.90,200,60,0PLE4;8BLU5;2MDW7,AR 670-1 / TIOH,Yes,8455,01-887-8836
DCC2F4B414242E7F1E103956E97C888D,ACE,,06/02/2005 12:13:11,08/14/2021 13:05:09,CN=Theodore Blankenship/OU=TroopSupport/O=DLA,,8455-00-852-2229,"Shoulder Sleeve Insignia, 10th Mountain Division",Insignia,"Shoulder Sleeve Insignia, 10th Mountain Division; per AR 670-1 / TIOH; heraldic specification TIOH.",Army,EA,10.47,200,60,0PLE4;8BLU5;2MDW7,AR 670-1 / TIOH,Yes,8455,00-852-2229
2FED26F4327C6978C2ACAE58672A3613,AD2,,05/24/2009 09:20:12,03/13/2025 08:30:14,CN=Ret Hamlin/OU=CHPSID/O=TACOM,,8455-00-167-7687,"Shoulder Sleeve Insignia, 25th Infantry Division",Insignia,"Shoulder Sleeve Insignia, 25th Infantry Division; per AR 670-1 / TIOH; heraldic specification TIOH.",Army,EA,4.04,200,60,0PLE4;8BLU5;2MDW7,AR 670-1 / TIOH,Yes,8455,00-167-7687
637A90F17CB28F323E7B84C5AACFB2EC,AD6,,02/09/2010 11:55:06,07/24/2012 10:44:12,CN=Ret Hamlin/OU=CHPSID/O=TACOM,,8455-00-578-8718,"Shoulder Sleeve Insignia, 1st Armored Division",Insignia,"Shoulder Sleeve Insignia, 1st Armored Division; per AR 670-1 / TIOH; heraldic specification TIOH.",Army,EA,17.61,200,60,0PLE4;8BLU5;2MDW7,AR 670-1 / TIOH,Yes,8455,00-578-8718
EFFC5E43E65DEE005A7BB13B72755DE4,ADA,,07/19/2010 08:46:50,05/17/2013 16:07:35,CN=Theodore Blankenship/OU=TroopSupport/O=DLA,,8455-00-298-2640,"Shoulder Sleeve Insignia, 4th Infantry Division",Insignia,"Shoulder Sleeve Insignia, 4th Infantry Division; per AR 670-1 / TIOH; heraldic specification TIOH.",Army,EA,13.38,200,60,0PLE4;8BLU5;2MDW7,AR 670-1 / TIOH,Yes,8455,00-298-2640
CE68F6644DDD80DECE1048E89A1F05E5,ADE,,12/09/2010 10:19:32,12/31/2021 10:50:03,CN=Lorraine Whitcombe/OU=CHPSID/O=TACOM,,8455-00-999-8364,"Shoulder Sleeve Insignia, TACOM",Insignia,"Shoulder Sleeve Insignia, TACOM; per AR 670-1 / TIOH; heraldic specification TIOH.",Army,EA,14.65,200,60,0PLE4;8BLU5;2MDW7,AR 670-1 / TIOH,Yes,8455,00-999-8364
66E5CF73B809101134C2B1D43F23E3B4,AE2,,10/24/2012 11:15:47,09/06/2017 16:11:57,CN=Theodore Blankenship/OU=TroopSupport/O=DLA,,8455-00-282-4042,"Shoulder Sleeve Insignia, Army Materiel Command",Insignia,"Shoulder Sleeve Insignia, Army Materiel Command; per AR 670-1 / TIOH; heraldic specification TIOH.",Army,EA,6.79,200,60,0PLE4;8BLU5;2MDW7,AR 670-1 / TIOH,Yes,8455,00-282-4042
970BF584A805775663880A88CBA53AC8,AE6,,11/30/2010 08:25:14,11/14/2012 11:23:32,CN=Ret Hamlin/OU=CHPSID/O=TACOM,,8455-00-535-3303,"Distinctive Unit Insignia, 75th Ranger Regiment",Insignia,"Distinctive Unit Insignia, 75th Ranger Regiment; per AR 670-1 / TIOH; heraldic specification TIOH.",Army,PR,16.53,200,60,0PLE4;8BLU5;2MDW7,AR 670-1 / TIOH,Yes,8455,00-535-3303
F28343C4CB57A78514B0C97B3F93479F,AEA,,09/30/2011 16:07:01,05/16/2014 09:41:04,CN=Lorraine Whitcombe/OU=CHPSID/O=TACOM,,8455-01-907-7230,"Distinctive Unit Insignia, 3rd Infantry Regiment",Insignia,"Distinctive Unit Insignia, 3rd Infantry Regiment; per AR 670-1 / TIOH; heraldic specification TIOH.",Army,PR,7.49,200,60,0PLE4;8BLU5;2MDW7,AR 670-1 / TIOH,Yes,8455,01-907-7230
DC022A2ACCECFB9AD1020BB648359A7D,AEE,,04/26/2005 17:40:51,11/15/2021 07:44:04,CN=Theodore Blankenship/OU=TroopSupport/O=DLA,,8345-01-999-5219,"Fringe, Golden Yellow, 2-1/2 inch",Appurtenance,"Fringe, Golden Yellow, 2-1/2 inch; per AR 840-10; heraldic specification TIOH.",Army,EA,178.13,4,30,2VLY8;8BLU5;1PRQ2,AR 840-10,Yes,8345,01-999-5219
1C742356FCAB7028B358EFC6B0977E16,AF2,,03/29/2006 09:53:08,11/07/2013 17:20:03,CN=Lorraine Whitcombe/OU=CHPSID/O=TACOM,,8345-00-867-7342,"Cord and Tassel, Golden Yellow",Appurtenance,"Cord and Tassel, Golden Yellow; per AR 840-10; heraldic specification TIOH.",Army,EA,109.20,4,30,2VLY8;8BLU5;1PRQ2,AR 840-10,Yes,8345,00-867-7342
9E5554B5EA2B22B7F3B9A45983207574,AF6,,09/28/2006 08:10:44,06/18/2019 15:48:50,CN=Dwayne Petrakis/OU=CHPSID/O=TACOM,,8345-01-705-9467,"Staff, Flag, Oak, 9-1/2 ft, jointed",Appurtenance,"Staff, Flag, Oak, 9-1/2 ft, jointed; per AR 840-10; heraldic specification TIOH.",Army,EA,163.88,4,30,2VLY8;8BLU5;1PRQ2,AR 840-10,Yes,8345,01-705-9467
40B282A255C9479A5BC8B3BFAD9F175F,AFA,,07/16/2012 16:34:42,01/10/2016 11:10:09,CN=Dwayne Petrakis/OU=CHPSID/O=TACOM,,8345-01-810-9038,"Staff Ornament, Spearhead, Nickel",Appurtenance,"Staff Ornament, Spearhead, Nickel; per AR 840-10; heraldic specification TIOH.",Army,EA,127.24,4,30,2VLY8;8BLU5;1PRQ2,AR 840-10,Yes,8345,01-810-9038
F7BA90AC72D0E43E2FBAE4A1BA85696D,AFE,,02/26/2010 09:37:57,09/12/2024 07:20:43,CN=Lorraine Whitcombe/OU=CHPSID/O=TACOM,,8345-00-444-8871,"Staff Ornament, Eagle, Gilt",Appurtenance,"Staff Ornament, Eagle, Gilt; per AR 840-10; heraldic specification TIOH.",Army,EA,21.00,4,30,2VLY8;8BLU5;1PRQ2,AR 840-10,No,8345,00-444-8871
65233E65547704B249E653F5D25FD13A,B02,,11/21/2005 12:11:57,08/18/2019 16:30:38,CN=Dwayne Petrakis/OU=CHPSID/O=TACOM,,8345-00-606-5668,"Flagstaff Base, Floor, Bronze",Appurtenance,"Flagstaff Base, Floor, Bronze; per AR 840-10; heraldic specification TIOH.",Army,EA,56.30,4,30,2VLY8;8BLU5;1PRQ2,AR 840-10,Yes,8345,00-606-5668
C38EAA50879CB258038A0F6D34E2AD81,B06,,09/17/2005 12:49:41,01/16/2012 11:34:54,CN=Theodore Blankenship/OU=TroopSupport/O=DLA,,8345-00-293-5517,"Guidon Staff, 7 ft, with Spearhead",Appurtenance,"Guidon Staff, 7 ft, with Spearhead; per AR 840-10; heraldic specification TIOH.",Army,EA,46.04,4,30,2VLY8;8BLU5;1PRQ2,AR 840-10,Yes,8345,00-293-5517
