UNID,NoteID,ParentUNID,Created,Modified,LastUpdatedBy,Attachments,FileName,SourceAgency,Layout,TransmissionDate,ReceivedDate,AuthorizationDate,ImportStatus,ImportedDate,ImportedBy,RecordCount,CasesCreated,LinesCreated,RequestersCreated,RequestersMatched,RecordsRejected,TrailerChecksum,ChecksumMatch,ImportLog,DocReaders,FileKey
1B8DDB99D4675E1BA23E153ADE8E12DD,102FA,,02/06/2012 04:11:28,02/06/2012 05:20:28,CN=HRC-Transfer/OU=Agents/O=TACOM,nprc_awd_20120206_b72.dat,nprc_awd_20120206_b72.dat,NPRC,NPRC-DELIM,02/06/2012,02/06/2012 04:11:28,02/02/2012,Imported,02/06/2012 05:20:28,CN=HRC-Transfer/OU=Agents/O=TACOM,285,79,204,8,71,0,N/A,N/A,"02/06/2012 05:20 Import started by CN=HRC-Transfer/OU=Agents/O=TACOM;02/06/2012 05:20 79 case record(s), 204 award record(s);02/06/2012 05:20 Import finished: Imported",[Importer];[Admin];[TACOM];[ReadOnlyAudit];LocalDomainServers,NPRC_AWD_20120206_B72.DAT
6BC5A24691B34228AE25C5E3CCD55CE3,102FE,,08/13/2015 06:36:31,08/13/2015 07:54:31,CN=HRC-Transfer/OU=Agents/O=TACOM,HRC_AWD_20150813_8.txt,HRC_AWD_20150813_8.txt,HRC,HRC-FIXED,08/13/2015,08/13/2015 06:36:31,08/09/2015,Imported,08/13/2015 07:54:31,CN=HRC-Transfer/OU=Agents/O=TACOM,137,34,101,6,28,0,Yes,Yes,"08/13/2015 07:54 Import started by CN=HRC-Transfer/OU=Agents/O=TACOM;08/13/2015 07:54 34 case record(s), 101 award record(s);08/13/2015 07:54 Import finished: Imported",[Importer];[Admin];[TACOM];[ReadOnlyAudit];LocalDomainServers,HRC_AWD_20150813_8.TXT
5C8327651AD44BABDE25848E6E025612,10302,,05/30/2022 04:29:16,05/30/2022 05:13:16,CN=HRC-Transfer/OU=Agents/O=TACOM,HRC_AWD_20220530_3.txt,HRC_AWD_20220530_3.txt,HRC,HRC-FIXED,05/30/2022,05/30/2022 04:29:16,05/27/2022,Imported,05/30/2022 05:13:16,CN=HRC-Transfer/OU=Agents/O=TACOM,105,26,77,1,25,0,Yes,Yes,"05/30/2022 05:13 Import started by CN=HRC-Transfer/OU=Agents/O=TACOM;05/30/2022 05:13 26 case record(s), 77 award record(s);05/30/2022 05:13 Import finished: Imported",[Importer];[Admin];[TACOM];[ReadOnlyAudit];LocalDomainServers,HRC_AWD_20220530_3.TXT
75644F45CBD7FF41626A152EF172BF29,10306,,02/23/2021 05:26:45,02/23/2021 05:44:45,CN=HRC-Transfer/OU=Agents/O=TACOM,nprc_awd_20210223_b22.dat,nprc_awd_20210223_b22.dat,NPRC,NPRC-DELIM,02/23/2021,02/23/2021 05:26:45,02/22/2021,Imported with Errors,02/23/2021 05:44:45,CN=HRC-Transfer/OU=Agents/O=TACOM,120,34,84,1,33,2,N/A,N/A,"02/23/2021 05:44 Import started by CN=HRC-Transfer/OU=Agents/O=TACOM;02/23/2021 05:44 34 case record(s), 84 award record(s);02/23/2021 05:44 2 record(s) rejected - see ImportLog detail;02/23/2021 05:44 Import finished: Imported with Errors",[Importer];[Admin];[TACOM];[ReadOnlyAudit];LocalDomainServers,NPRC_AWD_20210223_B22.DAT
0155447D42F9E5E499F171040AF6061B,1030A,,10/17/2023 06:40:52,10/17/2023 08:05:52,CN=HRC-Transfer/OU=Agents/O=TACOM,HRC_AWD_20231017_3.txt,HRC_AWD_20231017_3.txt,HRC,HRC-FIXED,10/17/2023,10/17/2023 06:40:52,10/16/2023,Imported,10/17/2023 08:05:52,CN=HRC-Transfer/OU=Agents/O=TACOM,53,16,35,0,16,0,Yes,Yes,"10/17/2023 08:05 Import started by CN=HRC-Transfer/OU=Agents/O=TACOM;10/17/2023 08:05 16 case record(s), 35 award record(s);10/17/2023 08:05 Import finished: Imported",[Importer];[Admin];[TACOM];[ReadOnlyAudit];LocalDomainServers,HRC_AWD_20231017_3.TXT
09AF1C0DD4CC72353D5A0C498B894B7F,1030E,,10/06/2008 06:12:55,10/06/2008 07:15:55,CN=HRC-Transfer/OU=Agents/O=TACOM,,HRC_AWD_20081006_6.txt,HRC,HRC-FIXED,10/06/2008,10/06/2008 06:12:55,10/05/2008,Imported,10/06/2008 07:15:55,CN=HRC-Transfer/OU=Agents/O=TACOM,286,75,209,4,71,0,Yes,Yes,"10/06/2008 07:15 Import started by CN=HRC-Transfer/OU=Agents/O=TACOM;10/06/2008 07:15 75 case record(s), 209 award record(s);10/06/2008 07:15 Import finished: Imported",[Importer];[Admin];[TACOM];[ReadOnlyAudit];LocalDomainServers,HRC_AWD_20081006_6.TXT
69DEB1AF18573B5B85F8F197D77EB939,10312,,04/12/2005 04:44:37,04/12/2005 06:01:37,CN=HRC-Transfer/OU=Agents/O=TACOM,nprc_awd_20050412_b12.dat,nprc_awd_20050412_b12.dat,NPRC,NPRC-DELIM,04/12/2005,04/12/2005 04:44:37,04/08/2005,Imported,04/12/2005 06:01:37,CN=HRC-Transfer/OU=Agents/O=TACOM,913,248,663,31,217,0,N/A,N/A,"04/12/2005 06:01 Import started by CN=HRC-Transfer/OU=Agents/O=TACOM;04/12/2005 06:01 248 case record(s), 663 award record(s);04/12/2005 06:01 Import finished: Imported",[Importer];[Admin];[TACOM];[ReadOnlyAudit];LocalDomainServers,NPRC_AWD_20050412_B12.DAT
1ABFEE7126B7C09178928257CCA455C3,10316,,09/27/2021 04:13:37,09/27/2021 05:04:37,CN=HRC-Transfer/OU=Agents/O=TACOM,HRC_AWD_20210927_4.txt,HRC_AWD_20210927_4.txt,HRC,HRC-FIXED,09/27/2021,09/27/2021 04:13:37,09/25/2021,Imported,09/27/2021 05:04:37,CN=HRC-Transfer/OU=Agents/O=TACOM,94,24,68,1,23,0,Yes,Yes,"09/27/2021 05:04 Import started by CN=HRC-Transfer/OU=Agents/O=TACOM;09/27/2021 05:04 24 case record(s), 68 award record(s);09/27/2021 05:04 Import finished: Imported",[Importer];[Admin];[TACOM];[ReadOnlyAudit];LocalDomainServers,HRC_AWD_20210927_4.TXT
60CC79866CE36FF2CCB3578F727AC6CE,1031A,,10/16/2024 05:37:15,10/16/2024 06:58:15,CN=HRC-Transfer/OU=Agents/O=TACOM,HRC_AWD_20241016_2.txt,HRC_AWD_20241016_2.txt,HRC,HRC-FIXED,10/16/2024,10/16/2024 05:37:15,10/15/2024,Imported,10/16/2024 06:58:15,CN=HRC-Transfer/OU=Agents/O=TACOM,49,10,37,0,10,0,Yes,Yes,"10/16/2024 06:58 Import started by CN=HRC-Transfer/OU=Agents/O=TACOM;10/16/2024 06:58 10 case record(s), 37 award record(s);10/16/2024 06:58 Import finished: Imported",[Importer];[Admin];[TACOM];[ReadOnlyAudit];LocalDomainServers,HRC_AWD_20241016_2.TXT
69E2E202FA2E9FBA36371B10A415D6AD,1031E,,01/09/2009 06:38:53,01/09/2009 07:59:53,CN=HRC-Transfer/OU=Agents/O=TACOM,nprc_awd_20090109_b92.dat,nprc_awd_20090109_b92.dat,NPRC,NPRC-DELIM,01/09/2009,01/09/2009 06:38:53,01/07/2009,Imported,01/09/2009 07:59:53,CN=HRC-Transfer/OU=Agents/O=TACOM,405,107,296,9,98,0,N/A,N/A,"01/09/2009 07:59 Import started by CN=HRC-Transfer/OU=Agents/O=TACOM;01/09/2009 07:59 107 case record(s), 296 award record(s);01/09/2009 07:59 Import finished: Imported",[Importer];[Admin];[TACOM];[ReadOnlyAudit];LocalDomainServers,NPRC_AWD_20090109_B92.DAT
F5D88989DF746966C9E132CDB58013DA,10322,,07/18/2013 06:07:59,07/18/2013 07:24:59,CN=HRC-Transfer/OU=Agents/O=TACOM,HRC_AWD_20130718_6.txt,HRC_AWD_20130718_6.txt,HRC,HRC-FIXED,07/18/2013,07/18/2013 06:07:59,07/15/2013,Imported with Errors,07/18/2013 07:24:59,CN=HRC-Transfer/OU=Agents/O=TACOM,169,51,116,5,46,6,Yes,Yes,"07/18/2013 07:24 Import started by CN=HRC-Transfer/OU=Agents/O=TACOM;07/18/2013 07:24 51 case record(s), 116 award record(s);07/18/2013 07:24 6 record(s) rejected - see ImportLog detail;07/18/2013 07:24 Import finished: Imported with Errors",[Importer];[Admin];[TACOM];[ReadOnlyAudit];LocalDomainServers,HRC_AWD_20130718_6.TXT
FC0D11D5616CA83B16F43E641F59325A,10326,,02/06/2006 05:05:02,02/06/2006 05:45:02,CN=HRC-Transfer/OU=Agents/O=TACOM,HRC_AWD_20060206_5.txt,HRC_AWD_20060206_5.txt,HRC,HRC-FIXED,02/06/2006,02/06/2006 05:05:02,02/01/2006,Rejected,02/06/2006 05:45:02,CN=HRC-Transfer/OU=Agents/O=TACOM,661,0,0,12,167,661,No,No,"02/06/2006 05:45 Import started by CN=HRC-Transfer/OU=Agents/O=TACOM;02/06/2006 05:45 179 case record(s), 480 award record(s);02/06/2006 05:45 661 record(s) rejected - see ImportLog detail;02/06/2006 05:45 Import finished: Rejected",[Importer];[Admin];[TACOM];[ReadOnlyAudit];LocalDomainServers,HRC_AWD_20060206_5.TXT
D38A43CE0B8408B19D1827FBFBD0DFF0,1032A,,10/05/2007 04:16:58,10/05/2007 05:27:58,CN=HRC-Transfer/OU=Agents/O=TACOM,nprc_awd_20071005_b11.dat,nprc_awd_20071005_b11.dat,NPRC,NPRC-DELIM,10/05/2007,10/05/2007 04:16:58,10/01/2007,Imported,10/05/2007 05:27:58,CN=HRC-Transfer/OU=Agents/O=TACOM,501,130,369,9,121,0,N/A,N/A,"10/05/2007 05:27 Import started by CN=HRC-Transfer/OU=Agents/O=TACOM;10/05/2007 05:27 130 case record(s), 369 award record(s);10/05/2007 05:27 Import finished: Imported",[Importer];[Admin];[TACOM];[ReadOnlyAudit];LocalDomainServers,NPRC_AWD_20071005_B11.DAT
B3102EA1228C40BCA5DFDE02F2B0CAEF,1032E,,11/11/2024 04:44:56,11/11/2024 04:52:56,CN=HRC-Transfer/OU=Agents/O=TACOM,HRC_AWD_20241111_6.txt,HRC_AWD_20241111_6.txt,HRC,HRC-FIXED,11/11/2024,11/11/2024 04:44:56,11/08/2024,Imported,11/11/2024 04:52:56,CN=HRC-Transfer/OU=Agents/O=TACOM,30,8,20,1,7,0,Yes,Yes,"11/11/2024 04:52 Import started by CN=HRC-Transfer/OU=Agents/O=TACOM;11/11/2024 04:52 8 case record(s), 20 award record(s);11/11/2024 04:52 Import finished: Imported",[Importer];[Admin];[TACOM];[ReadOnlyAudit];LocalDomainServers,HRC_AWD_20241111_6.TXT
95CDDF517641A32A3B55B4C335CEA058,10332,,01/29/2025 06:04:43,01/29/2025 06:43:43,CN=HRC-Transfer/OU=Agents/O=TACOM,,HRC_AWD_20250129_2.txt,HRC,HRC-FIXED,01/29/2025,01/29/2025 06:04:43,01/27/2025,Imported,01/29/2025 06:43:43,CN=HRC-Transfer/OU=Agents/O=TACOM,46,11,33,0,11,0,Yes,Yes,"01/29/2025 06:43 Import started by CN=HRC-Transfer/OU=Agents/O=TACOM;01/29/2025 06:43 11 case record(s), 33 award record(s);01/29/2025 06:43 Import finished: Imported",[Importer];[Admin];[TACOM];[ReadOnlyAudit];LocalDomainServers,HRC_AWD_20250129_2.TXT
B588BC2760C2DF5F37BBCCA63B4EBAF2,10336,,03/21/2008 05:05:44,03/21/2008 05:30:44,CN=HRC-Transfer/OU=Agents/O=TACOM,nprc_awd_20080321_b43.dat,nprc_awd_20080321_b43.dat,NPRC,NPRC-DELIM,03/21/2008,03/21/2008 05:05:44,03/17/2008,Imported,03/21/2008 05:30:44,CN=HRC-Transfer/OU=Agents/O=TACOM,437,116,319,7,109,0,N/A,N/A,"03/21/2008 05:30 Import started by CN=HRC-Transfer/OU=Agents/O=TACOM;03/21/2008 05:30 116 case record(s), 319 award record(s);03/21/2008 05:30 Import finished: Imported",[Importer];[Admin];[TACOM];[ReadOnlyAudit];LocalDomainServers,NPRC_AWD_20080321_B43.DAT
71339AF8348E9B09895155FC4DFB6271,1033A,,11/26/2019 04:19:39,11/26/2019 04:29:39,CN=HRC-Transfer/OU=Agents/O=TACOM,HRC_AWD_20191126_8.txt,HRC_AWD_20191126_8.txt,HRC,HRC-FIXED,11/26/2019,11/26/2019 04:19:39,11/21/2019,Imported,11/26/2019 04:29:39,CN=HRC-Transfer/OU=Agents/O=TACOM,112,30,80,2,28,0,Yes,Yes,"11/26/2019 04:29 Import started by CN=HRC-Transfer/OU=Agents/O=TACOM;11/26/2019 04:29 30 case record(s), 80 award record(s);11/26/2019 04:29 Import finished: Imported",[Importer];[Admin];[TACOM];[ReadOnlyAudit];LocalDomainServers,HRC_AWD_20191126_8.TXT
30E3AE42E998940238DD9660852A823B,1033E,,04/17/2015 06:26:31,04/17/2015 06:31:31,CN=HRC-Transfer/OU=Agents/O=TACOM,HRC_AWD_20150417_1.txt,HRC_AWD_20150417_1.txt,HRC,HRC-FIXED,04/17/2015,04/17/2015 06:26:31,04/14/2015,Imported with Errors,04/17/2015 06:31:31,CN=HRC-Transfer/OU=Agents/O=TACOM,112,30,80,1,29,3,Yes,Yes,"04/17/2015 06:31 Import started by CN=HRC-Transfer/OU=Agents/O=TACOM;04/17/2015 06:31 30 case record(s), 80 award record(s);04/17/2015 06:31 3 record(s) rejected - see ImportLog detail;04/17/2015 06:31 Import finished: Imported with Errors",[Importer];[Admin];[TACOM];[ReadOnlyAudit];LocalDomainServers,HRC_AWD_20150417_1.TXT
769119CEF712B314AF36BA6793EE2555,10342,,08/04/2010 05:48:47,08/04/2010 06:57:47,CN=HRC-Transfer/OU=Agents/O=TACOM,nprc_awd_20100804_b92.dat,nprc_awd_20100804_b92.dat,NPRC,NPRC-DELIM,08/04/2010,08/04/2010 05:48:47,08/03/2010,Imported,08/04/2010 06:57:47,CN=HRC-Transfer/OU=Agents/O=TACOM,323,90,231,7,83,0,N/A,N/A,"08/04/2010 06:57 Import started by CN=HRC-Transfer/OU=Agents/O=TACOM;08/04/2010 06:57 90 case record(s), 231 award record(s);08/04/2010 06:57 Import finished: Imported",[Importer];[Admin];[TACOM];[ReadOnlyAudit];LocalDomainServers,NPRC_AWD_20100804_B92.DAT
FE0CE406EFF134B2C7B515D6B4092292,10346,,12/12/2011 05:17:02,12/12/2011 06:44:02,CN=HRC-Transfer/OU=Agents/O=TACOM,HRC_AWD_20111212_1.txt,HRC_AWD_20111212_1.txt,HRC,HRC-FIXED,12/12/2011,12/12/2011 05:17:02,12/10/2011,Imported,12/12/2011 06:44:02,CN=HRC-Transfer/OU=Agents/O=TACOM,270,71,197,9,62,0,Yes,Yes,"12/12/2011 06:44 Import started by CN=HRC-Transfer/OU=Agents/O=TACOM;12/12/2011 06:44 71 case record(s), 197 award record(s);12/12/2011 06:44 Import finished: Imported",[Importer];[Admin];[TACOM];[ReadOnlyAudit];LocalDomainServers,HRC_AWD_20111212_1.TXT
7B747109B1C80ACDCB60C3056887EF3C,1034A,,06/17/2019 06:19:55,06/17/2019 07:49:55,CN=HRC-Transfer/OU=Agents/O=TACOM,HRC_AWD_20190617_6.txt,HRC_AWD_20190617_6.txt,HRC,HRC-FIXED,06/17/2019,06/17/2019 06:19:55,06/14/2019,Imported,06/17/2019 07:49:55,CN=HRC-Transfer/OU=Agents/O=TACOM,101,26,73,2,24,0,Yes,Yes,"06/17/2019 07:49 Import started by CN=HRC-Transfer/OU=Agents/O=TACOM;06/17/2019 07:49 26 case record(s), 73 award record(s);06/17/2019 07:49 Import finished: Imported",[Importer];[Admin];[TACOM];[ReadOnlyAudit];LocalDomainServers,HRC_AWD_20190617_6.TXT
4568DD20C8C2F14537448639C25DFBE4,1034E,,08/04/2025 04:13:24,08/04/2025 05:35:24,CN=HRC-Transfer/OU=Agents/O=TACOM,nprc_awd_20250804_b97.dat,nprc_awd_20250804_b97.dat,NPRC,NPRC-DELIM,08/04/2025,08/04/2025 04:13:24,08/03/2025,Imported,08/04/2025 05:35:24,CN=HRC-Transfer/OU=Agents/O=TACOM,111,30,79,3,27,0,N/A,N/A,"08/04/2025 05:35 Import started by CN=HRC-Transfer/OU=Agents/O=TACOM;08/04/2025 05:35 30 case record(s), 79 award record(s);08/04/2025 05:35 Import finished: Imported",[Importer];[Admin];[TACOM];[ReadOnlyAudit];LocalDomainServers,NPRC_AWD_20250804_B97.DAT
42F8F5E5720F433474821915657CAB17,10352,,08/14/2008 04:25:15,08/14/2008 04:57:15,CN=HRC-Transfer/OU=Agents/O=TACOM,HRC_AWD_20080814_4.txt,HRC_AWD_20080814_4.txt,HRC,HRC-FIXED,08/14/2008,08/14/2008 04:25:15,08/13/2008,Imported,08/14/2008 04:57:15,CN=HRC-Transfer/OU=Agents/O=TACOM,322,89,231,3,86,0,Yes,Yes,"08/14/2008 04:57 Import started by CN=HRC-Transfer/OU=Agents/O=TACOM;08/14/2008 04:57 89 case record(s), 231 award record(s);08/14/2008 04:57 Import finished: Imported",[Importer];[Admin];[TACOM];[ReadOnlyAudit];LocalDomainServers,HRC_AWD_20080814_4.TXT
34B15D3418476B223F197FC142191F0D,10356,,12/02/2021 04:51:59,12/02/2021 05:47:59,CN=HRC-Transfer/OU=Agents/O=TACOM,,HRC_AWD_20211202_9.txt,HRC,HRC-FIXED,12/02/2021,12/02/2021 04:51:59,11/30/2021,Imported,12/02/2021 05:47:59,CN=HRC-Transfer/OU=Agents/O=TACOM,48,12,34,1,11,0,Yes,Yes,"12/02/2021 05:47 Import started by CN=HRC-Transfer/OU=Agents/O=TACOM;12/02/2021 05:47 12 case record(s), 34 award record(s);12/02/2021 05:47 Import finished: Imported",[Importer];[Admin];[TACOM];[ReadOnlyAudit];LocalDomainServers,HRC_AWD_20211202_9.TXT
2600B98B5F5D7A670A2E73AB0DD1AC34,1035A,,12/11/2007 06:34:55,12/11/2007 08:04:55,CN=HRC-Transfer/OU=Agents/O=TACOM,nprc_awd_20071211_b46.dat,nprc_awd_20071211_b46.dat,NPRC,NPRC-DELIM,12/11/2007,12/11/2007 06:34:55,12/08/2007,Imported with Errors,12/11/2007 08:04:55,CN=HRC-Transfer/OU=Agents/O=TACOM,506,138,366,10,128,3,N/A,N/A,"12/11/2007 08:04 Import started by CN=HRC-Transfer/OU=Agents/O=TACOM;12/11/2007 08:04 138 case record(s), 366 award record(s);12/11/2007 08:04 3 record(s) rejected - see ImportLog detail;12/11/2007 08:04 Import finished: Imported with Errors",[Importer];[Admin];[TACOM];[ReadOnlyAudit];LocalDomainServers,NPRC_AWD_20071211_B46.DAT
23E59885830DCCA35CC8E8D4FEB42A49,1035E,,09/09/2013 04:36:23,09/09/2013 05:23:23,CN=HRC-Transfer/OU=Agents/O=TACOM,HRC_AWD_20130909_2.txt,HRC_AWD_20130909_2.txt,HRC,HRC-FIXED,09/09/2013,09/09/2013 04:36:23,09/07/2013,Imported,09/09/2013 05:23:23,CN=HRC-Transfer/OU=Agents/O=TACOM,215,56,157,3,53,0,Yes,Yes,"09/09/2013 05:23 Import started by CN=HRC-Transfer/OU=Agents/O=TACOM;09/09/2013 05:23 56 case record(s), 157 award record(s);09/09/2013 05:23 Import finished: Imported",[Importer];[Admin];[TACOM];[ReadOnlyAudit];LocalDomainServers,HRC_AWD_20130909_2.TXT
A6C1DB274F4E6D417EDA652A443EDE59,10362,,12/03/2012 05:52:24,12/03/2012 06:41:24,CN=HRC-Transfer/OU=Agents/O=TACOM,HRC_AWD_20121203_9.txt,HRC_AWD_20121203_9.txt,HRC,HRC-FIXED,12/03/2012,12/03/2012 05:52:24,12/01/2012,Imported,12/03/2012 06:41:24,CN=HRC-Transfer/OU=Agents/O=TACOM,153,43,108,3,40,0,Yes,Yes,"12/03/2012 06:41 Import started by CN=HRC-Transfer/OU=Agents/O=TACOM;12/03/2012 06:41 43 case record(s), 108 award record(s);12/03/2012 06:41 Import finished: Imported",[Importer];[Admin];[TACOM];[ReadOnlyAudit];LocalDomainServers,HRC_AWD_20121203_9.TXT
790FB726486581A2B552C7C50D232D0F,10366,,12/01/2025 06:25:56,12/01/2025 07:05:56,CN=HRC-Transfer/OU=Agents/O=TACOM,nprc_awd_20251201_b13.dat,nprc_awd_20251201_b13.dat,NPRC,NPRC-DELIM,12/01/2025,12/01/2025 06:25:56,11/29/2025,Imported,12/01/2025 07:05:56,CN=HRC-Transfer/OU=Agents/O=TACOM,61,17,42,1,16,0,N/A,N/A,"12/01/2025 07:05 Import started by CN=HRC-Transfer/OU=Agents/O=TACOM;12/01/2025 07:05 17 case record(s), 42 award record(s);12/01/2025 07:05 Import finished: Imported",[Importer];[Admin];[TACOM];[ReadOnlyAudit];LocalDomainServers,NPRC_AWD_20251201_B13.DAT
8EA90622769322E3BD86DBA31942479A,1036A,,02/17/2025 04:09:47,02/17/2025 04:29:47,CN=HRC-Transfer/OU=Agents/O=TACOM,HRC_AWD_20250217_3.txt,HRC_AWD_20250217_3.txt,HRC,HRC-FIXED,02/17/2025,02/17/2025 04:09:47,02/14/2025,Imported,02/17/2025 04:29:47,CN=HRC-Transfer/OU=Agents/O=TACOM,45,13,30,0,13,0,Yes,Yes,"02/17/2025 04:29 Import started by CN=HRC-Transfer/OU=Agents/O=TACOM;02/17/2025 04:29 13 case record(s), 30 award record(s);02/17/2025 04:29 Import finished: Imported",[Importer];[Admin];[TACOM];[ReadOnlyAudit];LocalDomainServers,HRC_AWD_20250217_3.TXT
AA8F701350F30AA47058FF8BF8A225C7,1036E,,11/25/2015 05:22:12,11/25/2015 05:45:12,CN=HRC-Transfer/OU=Agents/O=TACOM,HRC_AWD_20151125_5.txt,HRC_AWD_20151125_5.txt,HRC,HRC-FIXED,11/25/2015,11/25/2015 05:22:12,11/20/2015,Imported,11/25/2015 05:45:12,CN=HRC-Transfer/OU=Agents/O=TACOM,149,40,107,6,34,0,Yes,Yes,"11/25/2015 05:45 Import started by CN=HRC-Transfer/OU=Agents/O=TACOM;11/25/2015 05:45 40 case record(s), 107 award record(s);11/25/2015 05:45 Import finished: Imported",[Importer];[Admin];[TACOM];[ReadOnlyAudit];LocalDomainServers,HRC_AWD_20151125_5.TXT
DDC9BE54A08B46EFE98DCAF88D6D4271,10372,,08/10/2012 06:45:23,08/10/2012 08:01:23,CN=HRC-Transfer/OU=Agents/O=TACOM,nprc_awd_20120810_b62.dat,nprc_awd_20120810_b62.dat,NPRC,NPRC-DELIM,08/10/2012,08/10/2012 06:45:23,08/06/2012,Imported,08/10/2012 08:01:23,CN=HRC-Transfer/OU=Agents/O=TACOM,323,89,232,4,85,0,N/A,N/A,"08/10/2012 08:01 Import started by CN=HRC-Transfer/OU=Agents/O=TACOM;08/10/2012 08:01 89 case record(s), 232 award record(s);08/10/2012 08:01 Import finished: Imported",[Importer];[Admin];[TACOM];[ReadOnlyAudit];LocalDomainServers,NPRC_AWD_20120810_B62.DAT
152F06A5DB840312537175CF6AC6C285,10376,,06/21/2021 04:18:06,06/21/2021 04:42:06,CN=HRC-Transfer/OU=Agents/O=TACOM,HRC_AWD_20210621_1.txt,HRC_AWD_20210621_1.txt,HRC,HRC-FIXED,06/21/2021,06/21/2021 04:18:06,06/19/2021,Imported with Errors,06/21/2021 04:42:06,CN=HRC-Transfer/OU=Agents/O=TACOM,83,24,57,2,22,5,Yes,Yes,"06/21/2021 04:42 Import started by CN=HRC-Transfer/OU=Agents/O=TACOM;06/21/2021 04:42 24 case record(s), 57 award record(s);06/21/2021 04:42 5 record(s) rejected - see ImportLog detail;06/21/2021 04:42 Import finished: Imported with Errors",[Importer];[Admin];[TACOM];[ReadOnlyAudit];LocalDomainServers,HRC_AWD_20210621_1.TXT
1145D9393107978AC24D160D07DE2CDC,1037A,,03/26/2018 05:10:42,03/26/2018 05:59:42,CN=HRC-Transfer/OU=Agents/O=TACOM,,HRC_AWD_20180326_6.txt,HRC,HRC-FIXED,03/26/2018,03/26/2018 05:10:42,03/22/2018,Imported,03/26/2018 05:59:42,CN=HRC-Transfer/OU=Agents/O=TACOM,108,29,77,5,24,0,Yes,Yes,"03/26/2018 05:59 Import started by CN=HRC-Transfer/OU=Agents/O=TACOM;03/26/2018 05:59 29 case record(s), 77 award record(s);03/26/2018 05:59 Import finished: Imported",[Importer];[Admin];[TACOM];[ReadOnlyAudit];LocalDomainServers,HRC_AWD_20180326_6.TXT
163BA6CB1A49A66AB3A846CDFBCCFD8F,1037E,,04/01/2016 05:13:47,04/01/2016 05:30:47,CN=HRC-Transfer/OU=Agents/O=TACOM,nprc_awd_20160401_b51.dat,nprc_awd_20160401_b51.dat,NPRC,NPRC-DELIM,04/01/2016,04/01/2016 05:13:47,03/28/2016,Imported,04/01/2016 05:30:47,CN=HRC-Transfer/OU=Agents/O=TACOM,216,57,157,4,53,0,N/A,N/A,"04/01/2016 05:30 Import started by CN=HRC-Transfer/OU=Agents/O=TACOM;04/01/2016 05:30 57 case record(s), 157 award record(s);04/01/2016 05:30 Import finished: Imported",[Importer];[Admin];[TACOM];[ReadOnlyAudit];LocalDomainServers,NPRC_AWD_20160401_B51.DAT
56B260975C6AAAE85A01D5118BD4E82A,10382,,04/16/2009 04:26:48,04/16/2009 04:59:48,CN=HRC-Transfer/OU=Agents/O=TACOM,HRC_AWD_20090416_2.txt,HRC_AWD_20090416_2.txt,HRC,HRC-FIXED,04/16/2009,04/16/2009 04:26:48,04/13/2009,Imported,04/16/2009 04:59:48,CN=HRC-Transfer/OU=Agents/O=TACOM,284,76,206,4,72,0,Yes,Yes,"04/16/2009 04:59 Import started by CN=HRC-Transfer/OU=Agents/O=TACOM;04/16/2009 04:59 76 case record(s), 206 award record(s);04/16/2009 04:59 Import finished: Imported",[Importer];[Admin];[TACOM];[ReadOnlyAudit];LocalDomainServers,HRC_AWD_20090416_2.TXT
69265337EA1E42CCD7EB0846612B3888,10386,,10/31/2016 05:37:06,10/31/2016 06:23:06,CN=HRC-Transfer/OU=Agents/O=TACOM,HRC_AWD_20161031_7.txt,HRC_AWD_20161031_7.txt,HRC,HRC-FIXED,10/31/2016,10/31/2016 05:37:06,10/28/2016,Imported,10/31/2016 06:23:06,CN=HRC-Transfer/OU=Agents/O=TACOM,101,29,70,3,26,0,Yes,Yes,"10/31/2016 06:23 Import started by CN=HRC-Transfer/OU=Agents/O=TACOM;10/31/2016 06:23 29 case record(s), 70 award record(s);10/31/2016 06:23 Import finished: Imported",[Importer];[Admin];[TACOM];[ReadOnlyAudit];LocalDomainServers,HRC_AWD_20161031_7.TXT
758157BC6765A46D78118402F214C5ED,1038A,,09/01/2026 16:12:00,09/01/2026 16:12:00,CN=HRC-Transfer/OU=Agents/O=TACOM,nprc_awd_20260901_b47.dat,nprc_awd_20260901_b47.dat,NPRC,NPRC-DELIM,09/01/2026,09/01/2026 16:12:00,08/27/2026,Received,,,0,0,0,0,0,0,,,09/01/2026 16:12 File received in \\haas-app01\hrc_transfer\inbound by CN=HRC-Transfer/OU=Agents/O=TACOM;09/01/2026 16:12 Awaiting scheduled ImportAuthorizationFile run (daily 04:15) or manual run from the Agents menu,[Importer];[Admin];[TACOM];[ReadOnlyAudit];LocalDomainServers,NPRC_AWD_20260901_B47.DAT
7096286E4B01398E6E005FEC8772A257,1038E,,09/01/2026 18:14:00,09/01/2026 18:14:00,CN=HRC-Transfer/OU=Agents/O=TACOM,HRC_AWD_20260901_2.txt,HRC_AWD_20260901_2.txt,HRC,HRC-FIXED,09/01/2026,09/01/2026 18:14:00,08/28/2026,Received,,,0,0,0,0,0,0,,,09/01/2026 18:14 File received in \\haas-app01\hrc_transfer\inbound by CN=HRC-Transfer/OU=Agents/O=TACOM;09/01/2026 18:14 Awaiting scheduled ImportAuthorizationFile run (daily 04:15) or manual run from the Agents menu,[Importer];[Admin];[TACOM];[ReadOnlyAudit];LocalDomainServers,HRC_AWD_20260901_2.TXT
34F8DA67A1440E826F16A884B6771777,10392,,08/31/2026 13:05:00,08/31/2026 13:05:00,CN=HRC-Transfer/OU=Agents/O=TACOM,HRC_AWD_20260831_9.txt,HRC_AWD_20260831_9.txt,HRC,HRC-FIXED,08/31/2026,08/31/2026 13:05:00,08/27/2026,Received,,,0,0,0,0,0,0,,,08/31/2026 13:05 File received in \\haas-app01\hrc_transfer\inbound by CN=HRC-Transfer/OU=Agents/O=TACOM;08/31/2026 13:05 Awaiting scheduled ImportAuthorizationFile run (daily 04:15) or manual run from the Agents menu,[Importer];[Admin];[TACOM];[ReadOnlyAudit];LocalDomainServers,HRC_AWD_20260831_9.TXT
3395EBB8E7714F45E5CFE47C035F0F74,10396,,08/31/2026 12:10:00,08/31/2026 12:10:00,CN=HRC-Transfer/OU=Agents/O=TACOM,nprc_awd_20260831_b44.dat,nprc_awd_20260831_b44.dat,NPRC,NPRC-DELIM,08/31/2026,08/31/2026 12:10:00,08/27/2026,Received,,,0,0,0,0,0,0,,,08/31/2026 12:10 File received in \\haas-app01\hrc_transfer\inbound by CN=HRC-Transfer/OU=Agents/O=TACOM;08/31/2026 12:10 Awaiting scheduled ImportAuthorizationFile run (daily 04:15) or manual run from the Agents menu,[Importer];[Admin];[TACOM];[ReadOnlyAudit];LocalDomainServers,NPRC_AWD_20260831_B44.DAT
